,CountryName,Date,C1M_School closing,C2M_Workplace closing,C3M_Cancel public events,C4M_Restrictions on gatherings,C5M_Close public transport,C6M_Stay at home requirements,C7M_Restrictions on internal movement,C8EV_International travel controls,H1_Public information campaigns
0,Hungary,20200101,0.0,0.0,0.0,0.0,0.0,0.0,0.0,0.0,0.0
1,Hungary,20200102,0.0,0.0,0.0,0.0,0.0,0.0,0.0,0.0,0.0
2,Hungary,20200103,0.0,0.0,0.0,0.0,0.0,0.0,0.0,0.0,0.0
3,Hungary,20200104,0.0,0.0,0.0,0.0,0.0,0.0,0.0,0.0,0.0
4,Hungary,20200105,0.0,0.0,0.0,0.0,0.0,0.0,0.0,0.0,0.0
5,Hungary,20200106,0.0,0.0,0.0,0.0,0.0,0.0,0.0,0.0,0.0
6,Hungary,20200107,0.0,0.0,0.0,0.0,0.0,0.0,0.0,0.0,0.0
7,Hungary,20200108,0.0,0.0,0.0,0.0,0.0,0.0,0.0,0.0,0.0
8,Hungary,20200109,0.0,0.0,0.0,0.0,0.0,0.0,0.0,0.0,0.0
9,Hungary,20200110,0.0,0.0,0.0,0.0,0.0,0.0,0.0,0.0,0.0
10,Hungary,20200111,0.0,0.0,0.0,0.0,0.0,0.0,0.0,0.0,0.0
11,Hungary,20200112,0.0,0.0,0.0,0.0,0.0,0.0,0.0,0.0,0.0
12,Hungary,20200113,0.0,0.0,0.0,0.0,0.0,0.0,0.0,0.0,0.0
13,Hungary,20200114,0.0,0.0,0.0,0.0,0.0,0.0,0.0,0.0,0.0
14,Hungary,20200115,0.0,0.0,0.0,0.0,0.0,0.0,0.0,0.0,0.0
15,Hungary,20200116,0.0,0.0,0.0,0.0,0.0,0.0,0.0,0.0,0.0
16,Hungary,20200117,0.0,0.0,0.0,0.0,0.0,0.0,0.0,0.0,0.0
17,Hungary,20200118,0.0,0.0,0.0,0.0,0.0,0.0,0.0,0.0,0.0
18,Hungary,20200119,0.0,0.0,0.0,0.0,0.0,0.0,0.0,0.0,0.0
19,Hungary,20200120,0.0,0.0,0.0,0.0,0.0,0.0,0.0,0.0,0.0
20,Hungary,20200121,0.0,0.0,0.0,0.0,0.0,0.0,0.0,0.0,0.0
21,Hungary,20200122,0.0,0.0,0.0,0.0,0.0,0.0,0.0,0.0,0.0
22,Hungary,20200123,0.0,0.0,0.0,0.0,0.0,0.0,0.0,0.0,0.0
23,Hungary,20200124,0.0,0.0,0.0,0.0,0.0,0.0,0.0,0.0,0.0
24,Hungary,20200125,0.0,0.0,0.0,0.0,0.0,0.0,0.0,0.0,0.0
25,Hungary,20200126,0.0,0.0,0.0,0.0,0.0,0.0,0.0,0.0,0.0
26,Hungary,20200127,0.0,0.0,0.0,0.0,0.0,0.0,0.0,0.0,0.0
27,Hungary,20200128,0.0,0.0,0.0,0.0,0.0,0.0,0.0,0.0,0.0
28,Hungary,20200129,0.0,0.0,0.0,0.0,0.0,0.0,0.0,0.0,0.0
29,Hungary,20200130,0.0,0.0,0.0,0.0,0.0,0.0,0.0,0.0,0.0
30,Hungary,20200131,0.0,0.0,0.0,0.0,0.0,0.0,0.0,0.0,0.0
31,Hungary,20200201,0.0,0.0,0.0,0.0,0.0,0.0,0.0,0.0,0.0
32,Hungary,20200202,0.0,0.0,0.0,0.0,0.0,0.0,0.0,0.0,0.0
33,Hungary,20200203,0.0,0.0,0.0,0.0,0.0,0.0,0.0,0.0,0.0
34,Hungary,20200204,0.0,0.0,0.0,0.0,0.0,0.0,0.0,0.0,0.0
35,Hungary,20200205,0.0,0.0,0.0,0.0,0.0,0.0,0.0,0.0,0.0
36,Hungary,20200206,0.0,0.0,0.0,0.0,0.0,0.0,0.0,0.0,0.0
37,Hungary,20200207,0.0,0.0,0.0,0.0,0.0,0.0,0.0,0.0,0.0
38,Hungary,20200208,0.0,0.0,0.0,0.0,0.0,0.0,0.0,0.0,0.0
39,Hungary,20200209,0.0,0.0,0.0,0.0,0.0,0.0,0.0,0.0,0.0
40,Hungary,20200210,0.0,0.0,0.0,0.0,0.0,0.0,0.0,0.0,0.0
41,Hungary,20200211,0.0,0.0,0.0,0.0,0.0,0.0,0.0,0.0,0.0
42,Hungary,20200212,0.0,0.0,0.0,0.0,0.0,0.0,0.0,0.0,0.0
43,Hungary,20200213,0.0,0.0,0.0,0.0,0.0,0.0,0.0,0.0,0.0
44,Hungary,20200214,0.0,0.0,0.0,0.0,0.0,0.0,0.0,0.0,0.0
45,Hungary,20200215,0.0,0.0,0.0,0.0,0.0,0.0,0.0,0.0,0.0
46,Hungary,20200216,0.0,0.0,0.0,0.0,0.0,0.0,0.0,0.0,0.0
47,Hungary,20200217,0.0,0.0,0.0,0.0,0.0,0.0,0.0,0.0,0.0
48,Hungary,20200218,0.0,0.0,0.0,0.0,0.0,0.0,0.0,0.0,0.0
49,Hungary,20200219,0.0,0.0,0.0,0.0,0.0,0.0,0.0,0.0,0.0
50,Hungary,20200220,0.0,0.0,0.0,0.0,0.0,0.0,0.0,0.0,0.0
51,Hungary,20200221,0.0,0.0,0.0,0.0,0.0,0.0,0.0,0.0,0.0
52,Hungary,20200222,0.0,0.0,0.0,0.0,0.0,0.0,0.0,0.0,0.0
53,Hungary,20200223,0.0,0.0,0.0,0.0,0.0,0.0,0.0,0.0,0.0
54,Hungary,20200224,0.0,0.0,0.0,0.0,0.0,0.0,0.0,0.0,0.0
55,Hungary,20200225,0.0,0.0,0.0,0.0,0.0,0.0,0.0,0.0,0.0
56,Hungary,20200226,0.0,0.0,0.0,0.0,0.0,0.0,0.0,0.0,0.0
57,Hungary,20200227,0.0,0.0,0.0,0.0,0.0,0.0,0.0,0.0,0.0
58,Hungary,20200228,0.0,0.0,0.0,0.0,0.0,0.0,0.0,0.0,1.0
59,Hungary,20200229,0.0,0.0,0.0,0.0,0.0,0.0,0.0,0.0,1.0
60,Hungary,20200301,0.0,0.0,0.0,0.0,0.0,0.0,0.0,0.0,2.0
61,Hungary,20200302,0.0,0.0,0.0,0.0,0.0,0.0,0.0,0.0,2.0
62,Hungary,20200303,0.0,0.0,0.0,0.0,0.0,0.0,0.0,0.0,2.0
63,Hungary,20200304,0.0,0.0,0.0,0.0,0.0,0.0,0.0,0.0,2.0
64,Hungary,20200305,0.0,0.0,0.0,0.0,0.0,0.0,0.0,0.0,2.0
65,Hungary,20200306,0.0,0.0,0.0,0.0,0.0,0.0,0.0,0.0,2.0
66,Hungary,20200307,0.0,0.0,0.0,0.0,0.0,0.0,0.0,0.0,2.0
67,Hungary,20200308,0.0,0.0,0.0,0.0,0.0,0.0,0.0,0.0,2.0
68,Hungary,20200309,0.0,0.0,0.0,0.0,0.0,0.0,0.0,3.0,2.0
69,Hungary,20200310,0.0,0.0,0.0,0.0,0.0,0.0,0.0,3.0,2.0
70,Hungary,20200311,2.0,0.0,2.0,1.0,0.0,0.0,1.0,3.0,2.0
71,Hungary,20200312,2.0,0.0,2.0,1.0,0.0,1.0,1.0,3.0,2.0
72,Hungary,20200313,2.0,0.0,2.0,1.0,0.0,1.0,1.0,3.0,2.0
73,Hungary,20200314,2.0,0.0,2.0,1.0,0.0,1.0,1.0,3.0,2.0
74,Hungary,20200315,2.0,0.0,2.0,1.0,0.0,1.0,1.0,3.0,2.0
75,Hungary,20200316,3.0,2.0,2.0,1.0,1.0,1.0,1.0,4.0,2.0
76,Hungary,20200317,3.0,2.0,2.0,1.0,1.0,1.0,1.0,4.0,2.0
77,Hungary,20200318,3.0,2.0,2.0,1.0,1.0,1.0,1.0,4.0,2.0
78,Hungary,20200319,3.0,2.0,2.0,1.0,1.0,1.0,1.0,4.0,2.0
79,Hungary,20200320,3.0,2.0,2.0,1.0,1.0,1.0,1.0,4.0,2.0
80,Hungary,20200321,3.0,2.0,2.0,1.0,1.0,1.0,1.0,4.0,2.0
81,Hungary,20200322,3.0,2.0,2.0,1.0,1.0,1.0,1.0,4.0,2.0
82,Hungary,20200323,3.0,2.0,2.0,1.0,1.0,1.0,1.0,4.0,2.0
83,Hungary,20200324,3.0,2.0,2.0,1.0,1.0,1.0,1.0,4.0,2.0
84,Hungary,20200325,3.0,2.0,2.0,1.0,1.0,1.0,1.0,4.0,2.0
85,Hungary,20200326,3.0,2.0,2.0,1.0,1.0,1.0,1.0,4.0,2.0
86,Hungary,20200327,3.0,2.0,2.0,1.0,1.0,2.0,1.0,4.0,2.0
87,Hungary,20200328,3.0,2.0,2.0,1.0,1.0,2.0,2.0,4.0,2.0
88,Hungary,20200329,3.0,2.0,2.0,1.0,1.0,2.0,2.0,4.0,2.0
89,Hungary,20200330,3.0,2.0,2.0,1.0,1.0,2.0,2.0,4.0,2.0
90,Hungary,20200331,3.0,2.0,2.0,1.0,1.0,2.0,2.0,4.0,2.0
91,Hungary,20200401,3.0,2.0,2.0,1.0,1.0,2.0,2.0,4.0,2.0
92,Hungary,20200402,3.0,2.0,2.0,1.0,1.0,2.0,2.0,4.0,2.0
93,Hungary,20200403,3.0,2.0,2.0,1.0,1.0,2.0,2.0,4.0,2.0
94,Hungary,20200404,3.0,2.0,2.0,1.0,1.0,2.0,2.0,4.0,2.0
95,Hungary,20200405,3.0,2.0,2.0,1.0,1.0,2.0,2.0,4.0,2.0
96,Hungary,20200406,3.0,2.0,2.0,1.0,1.0,2.0,2.0,4.0,2.0
97,Hungary,20200407,3.0,2.0,2.0,1.0,1.0,2.0,2.0,4.0,2.0
98,Hungary,20200408,3.0,2.0,2.0,1.0,1.0,2.0,2.0,4.0,2.0
99,Hungary,20200409,3.0,2.0,2.0,1.0,1.0,2.0,2.0,4.0,2.0
100,Hungary,20200410,3.0,2.0,2.0,1.0,1.0,2.0,2.0,4.0,2.0
101,Hungary,20200411,3.0,2.0,2.0,1.0,1.0,2.0,2.0,4.0,2.0
102,Hungary,20200412,3.0,2.0,2.0,1.0,1.0,2.0,2.0,4.0,2.0
103,Hungary,20200413,3.0,2.0,2.0,1.0,1.0,2.0,2.0,4.0,2.0
104,Hungary,20200414,3.0,2.0,2.0,1.0,1.0,2.0,2.0,4.0,2.0
105,Hungary,20200415,3.0,2.0,2.0,1.0,1.0,2.0,2.0,4.0,2.0
106,Hungary,20200416,3.0,2.0,2.0,1.0,1.0,2.0,2.0,4.0,2.0
107,Hungary,20200417,3.0,2.0,2.0,1.0,1.0,2.0,2.0,4.0,2.0
108,Hungary,20200418,3.0,2.0,2.0,1.0,1.0,2.0,2.0,4.0,2.0
109,Hungary,20200419,3.0,2.0,2.0,1.0,1.0,2.0,2.0,4.0,2.0
110,Hungary,20200420,3.0,2.0,2.0,1.0,1.0,2.0,2.0,4.0,2.0
111,Hungary,20200421,3.0,2.0,2.0,1.0,1.0,2.0,2.0,4.0,2.0
112,Hungary,20200422,3.0,2.0,2.0,1.0,1.0,2.0,2.0,4.0,2.0
113,Hungary,20200423,3.0,2.0,2.0,1.0,1.0,2.0,2.0,4.0,2.0
114,Hungary,20200424,3.0,2.0,2.0,1.0,1.0,2.0,2.0,4.0,2.0
115,Hungary,20200425,3.0,2.0,2.0,1.0,1.0,2.0,2.0,4.0,2.0
116,Hungary,20200426,3.0,2.0,2.0,1.0,1.0,2.0,2.0,4.0,2.0
117,Hungary,20200427,3.0,2.0,2.0,1.0,1.0,2.0,2.0,4.0,2.0
118,Hungary,20200428,3.0,2.0,2.0,1.0,1.0,2.0,2.0,4.0,2.0
119,Hungary,20200429,3.0,2.0,2.0,1.0,1.0,2.0,2.0,4.0,2.0
120,Hungary,20200430,3.0,2.0,2.0,1.0,1.0,2.0,2.0,4.0,2.0
121,Hungary,20200501,3.0,2.0,2.0,1.0,1.0,2.0,2.0,4.0,2.0
122,Hungary,20200502,3.0,2.0,2.0,1.0,1.0,2.0,2.0,4.0,2.0
123,Hungary,20200503,3.0,2.0,2.0,1.0,1.0,2.0,2.0,4.0,2.0
124,Hungary,20200504,3.0,2.0,2.0,1.0,1.0,2.0,1.0,3.0,2.0
125,Hungary,20200505,3.0,2.0,2.0,1.0,1.0,2.0,1.0,3.0,2.0
126,Hungary,20200506,3.0,2.0,2.0,1.0,1.0,2.0,1.0,3.0,2.0
127,Hungary,20200507,3.0,2.0,2.0,1.0,1.0,2.0,1.0,3.0,2.0
128,Hungary,20200508,3.0,2.0,2.0,1.0,1.0,2.0,1.0,3.0,2.0
129,Hungary,20200509,3.0,2.0,2.0,1.0,1.0,2.0,1.0,3.0,2.0
130,Hungary,20200510,3.0,2.0,2.0,1.0,1.0,2.0,1.0,3.0,2.0
131,Hungary,20200511,3.0,2.0,2.0,1.0,1.0,2.0,1.0,3.0,2.0
132,Hungary,20200512,3.0,2.0,2.0,1.0,1.0,2.0,1.0,3.0,2.0
133,Hungary,20200513,3.0,2.0,2.0,1.0,1.0,2.0,1.0,3.0,2.0
134,Hungary,20200514,3.0,2.0,2.0,1.0,1.0,2.0,1.0,3.0,2.0
135,Hungary,20200515,3.0,2.0,2.0,1.0,1.0,2.0,1.0,3.0,2.0
136,Hungary,20200516,3.0,2.0,2.0,1.0,1.0,2.0,1.0,3.0,2.0
137,Hungary,20200517,3.0,2.0,2.0,1.0,1.0,2.0,1.0,3.0,2.0
138,Hungary,20200518,3.0,2.0,2.0,1.0,1.0,1.0,1.0,3.0,2.0
139,Hungary,20200519,3.0,2.0,2.0,1.0,1.0,1.0,1.0,3.0,2.0
140,Hungary,20200520,3.0,2.0,2.0,1.0,1.0,1.0,1.0,3.0,2.0
141,Hungary,20200521,3.0,2.0,2.0,1.0,1.0,1.0,1.0,3.0,2.0
142,Hungary,20200522,3.0,2.0,2.0,1.0,1.0,1.0,1.0,3.0,2.0
143,Hungary,20200523,3.0,2.0,2.0,1.0,1.0,1.0,1.0,3.0,2.0
144,Hungary,20200524,3.0,2.0,2.0,1.0,1.0,1.0,1.0,3.0,2.0
145,Hungary,20200525,3.0,2.0,2.0,1.0,1.0,1.0,1.0,3.0,2.0
146,Hungary,20200526,3.0,2.0,2.0,1.0,1.0,1.0,1.0,3.0,2.0
147,Hungary,20200527,3.0,2.0,2.0,1.0,1.0,1.0,1.0,3.0,2.0
148,Hungary,20200528,3.0,2.0,2.0,1.0,1.0,1.0,1.0,3.0,2.0
149,Hungary,20200529,3.0,2.0,2.0,1.0,1.0,1.0,1.0,3.0,2.0
150,Hungary,20200530,3.0,2.0,2.0,1.0,1.0,1.0,1.0,3.0,2.0
151,Hungary,20200531,3.0,2.0,2.0,1.0,1.0,1.0,1.0,3.0,2.0
152,Hungary,20200601,3.0,2.0,2.0,1.0,1.0,1.0,1.0,3.0,2.0
153,Hungary,20200602,2.0,2.0,2.0,1.0,1.0,1.0,1.0,3.0,2.0
154,Hungary,20200603,2.0,2.0,2.0,1.0,1.0,1.0,1.0,3.0,2.0
155,Hungary,20200604,2.0,2.0,2.0,1.0,1.0,1.0,1.0,3.0,2.0
156,Hungary,20200605,2.0,2.0,2.0,1.0,1.0,1.0,1.0,3.0,2.0
157,Hungary,20200606,2.0,2.0,2.0,1.0,1.0,1.0,1.0,3.0,2.0
158,Hungary,20200607,2.0,2.0,2.0,1.0,1.0,1.0,1.0,3.0,2.0
159,Hungary,20200608,2.0,2.0,2.0,1.0,1.0,1.0,1.0,3.0,2.0
160,Hungary,20200609,2.0,2.0,2.0,1.0,1.0,1.0,1.0,3.0,2.0
161,Hungary,20200610,2.0,2.0,2.0,1.0,1.0,1.0,1.0,3.0,2.0
162,Hungary,20200611,2.0,2.0,2.0,1.0,1.0,1.0,1.0,3.0,2.0
163,Hungary,20200612,2.0,2.0,2.0,1.0,1.0,1.0,1.0,3.0,2.0
164,Hungary,20200613,2.0,2.0,2.0,1.0,1.0,1.0,1.0,3.0,2.0
165,Hungary,20200614,2.0,2.0,2.0,1.0,1.0,1.0,1.0,3.0,2.0
166,Hungary,20200615,2.0,2.0,2.0,1.0,1.0,1.0,1.0,3.0,2.0
167,Hungary,20200616,2.0,2.0,2.0,1.0,1.0,1.0,1.0,3.0,2.0
168,Hungary,20200617,2.0,2.0,2.0,1.0,1.0,1.0,1.0,3.0,2.0
169,Hungary,20200618,2.0,2.0,2.0,1.0,1.0,1.0,1.0,3.0,2.0
170,Hungary,20200619,2.0,1.0,1.0,2.0,1.0,1.0,1.0,3.0,2.0
171,Hungary,20200620,2.0,1.0,1.0,2.0,1.0,1.0,1.0,3.0,2.0
172,Hungary,20200621,2.0,1.0,1.0,2.0,1.0,1.0,1.0,3.0,2.0
173,Hungary,20200622,2.0,1.0,1.0,2.0,1.0,1.0,1.0,3.0,2.0
174,Hungary,20200623,2.0,1.0,1.0,2.0,1.0,1.0,1.0,3.0,2.0
175,Hungary,20200624,2.0,1.0,1.0,2.0,1.0,1.0,1.0,3.0,2.0
176,Hungary,20200625,2.0,1.0,1.0,2.0,1.0,1.0,1.0,3.0,2.0
177,Hungary,20200626,2.0,1.0,1.0,2.0,1.0,1.0,1.0,3.0,2.0
178,Hungary,20200627,2.0,1.0,1.0,2.0,1.0,1.0,1.0,3.0,2.0
179,Hungary,20200628,2.0,1.0,1.0,2.0,1.0,1.0,1.0,3.0,2.0
180,Hungary,20200629,2.0,1.0,1.0,2.0,1.0,1.0,1.0,3.0,2.0
181,Hungary,20200630,2.0,1.0,1.0,2.0,1.0,1.0,1.0,3.0,2.0
182,Hungary,20200701,2.0,1.0,1.0,2.0,1.0,1.0,1.0,3.0,2.0
183,Hungary,20200702,2.0,1.0,1.0,2.0,1.0,1.0,1.0,3.0,2.0
184,Hungary,20200703,2.0,1.0,1.0,2.0,1.0,1.0,1.0,3.0,2.0
185,Hungary,20200704,2.0,1.0,1.0,2.0,1.0,1.0,1.0,3.0,2.0
186,Hungary,20200705,2.0,1.0,1.0,2.0,1.0,1.0,1.0,3.0,2.0
187,Hungary,20200706,2.0,1.0,1.0,2.0,1.0,1.0,1.0,3.0,2.0
188,Hungary,20200707,2.0,1.0,1.0,2.0,1.0,1.0,1.0,3.0,2.0
189,Hungary,20200708,2.0,1.0,1.0,2.0,1.0,1.0,1.0,3.0,2.0
190,Hungary,20200709,2.0,1.0,1.0,2.0,1.0,1.0,1.0,3.0,2.0
191,Hungary,20200710,2.0,1.0,1.0,2.0,1.0,1.0,1.0,3.0,2.0
192,Hungary,20200711,2.0,1.0,1.0,2.0,1.0,1.0,1.0,3.0,2.0
193,Hungary,20200712,2.0,1.0,1.0,2.0,1.0,1.0,1.0,3.0,2.0
194,Hungary,20200713,2.0,1.0,1.0,2.0,1.0,1.0,1.0,3.0,2.0
195,Hungary,20200714,2.0,1.0,1.0,2.0,1.0,1.0,1.0,3.0,2.0
196,Hungary,20200715,2.0,1.0,1.0,2.0,1.0,1.0,1.0,3.0,2.0
197,Hungary,20200716,2.0,1.0,1.0,2.0,1.0,1.0,1.0,3.0,2.0
198,Hungary,20200717,2.0,1.0,1.0,2.0,1.0,1.0,1.0,3.0,2.0
199,Hungary,20200718,2.0,1.0,1.0,2.0,1.0,1.0,1.0,3.0,2.0
200,Hungary,20200719,2.0,1.0,1.0,2.0,1.0,1.0,1.0,3.0,2.0
201,Hungary,20200720,2.0,1.0,1.0,2.0,1.0,1.0,1.0,3.0,2.0
202,Hungary,20200721,2.0,1.0,1.0,2.0,1.0,1.0,1.0,3.0,2.0
203,Hungary,20200722,2.0,1.0,1.0,2.0,1.0,1.0,1.0,3.0,2.0
204,Hungary,20200723,2.0,1.0,1.0,2.0,1.0,1.0,1.0,3.0,2.0
205,Hungary,20200724,2.0,1.0,1.0,2.0,1.0,1.0,1.0,3.0,2.0
206,Hungary,20200725,2.0,1.0,1.0,2.0,1.0,1.0,1.0,3.0,2.0
207,Hungary,20200726,2.0,1.0,1.0,2.0,1.0,1.0,1.0,3.0,2.0
208,Hungary,20200727,2.0,1.0,1.0,2.0,1.0,1.0,1.0,3.0,2.0
209,Hungary,20200728,2.0,1.0,1.0,2.0,1.0,1.0,1.0,3.0,2.0
210,Hungary,20200729,2.0,1.0,1.0,2.0,1.0,1.0,1.0,3.0,2.0
211,Hungary,20200730,2.0,1.0,1.0,2.0,1.0,1.0,1.0,3.0,2.0
212,Hungary,20200731,2.0,1.0,1.0,2.0,1.0,1.0,1.0,3.0,2.0
213,Hungary,20200801,2.0,1.0,1.0,2.0,1.0,1.0,1.0,3.0,2.0
214,Hungary,20200802,2.0,1.0,1.0,2.0,1.0,1.0,1.0,3.0,2.0
215,Hungary,20200803,2.0,1.0,1.0,2.0,1.0,1.0,1.0,3.0,2.0
216,Hungary,20200804,2.0,1.0,1.0,2.0,1.0,1.0,1.0,3.0,2.0
217,Hungary,20200805,2.0,1.0,1.0,2.0,1.0,1.0,1.0,3.0,2.0
218,Hungary,20200806,2.0,1.0,1.0,2.0,1.0,1.0,1.0,3.0,2.0
219,Hungary,20200807,2.0,1.0,1.0,2.0,1.0,1.0,1.0,3.0,2.0
220,Hungary,20200808,2.0,1.0,1.0,2.0,1.0,1.0,1.0,3.0,2.0
221,Hungary,20200809,2.0,1.0,1.0,2.0,1.0,1.0,1.0,3.0,2.0
222,Hungary,20200810,2.0,1.0,1.0,2.0,1.0,1.0,1.0,3.0,2.0
223,Hungary,20200811,2.0,1.0,1.0,2.0,0.0,1.0,1.0,3.0,2.0
224,Hungary,20200812,2.0,1.0,1.0,2.0,0.0,1.0,1.0,3.0,2.0
225,Hungary,20200813,2.0,1.0,1.0,2.0,0.0,1.0,1.0,3.0,2.0
226,Hungary,20200814,2.0,1.0,1.0,2.0,0.0,1.0,1.0,3.0,2.0
227,Hungary,20200815,2.0,1.0,1.0,2.0,0.0,1.0,1.0,3.0,2.0
228,Hungary,20200816,2.0,1.0,1.0,2.0,0.0,1.0,1.0,3.0,2.0
229,Hungary,20200817,2.0,1.0,1.0,2.0,0.0,1.0,1.0,3.0,2.0
230,Hungary,20200818,2.0,1.0,1.0,2.0,0.0,1.0,1.0,3.0,2.0
231,Hungary,20200819,2.0,1.0,1.0,2.0,0.0,1.0,1.0,3.0,2.0
232,Hungary,20200820,2.0,1.0,1.0,2.0,0.0,1.0,1.0,3.0,2.0
233,Hungary,20200821,2.0,1.0,1.0,2.0,0.0,1.0,1.0,3.0,2.0
234,Hungary,20200822,2.0,1.0,1.0,2.0,0.0,1.0,1.0,3.0,2.0
235,Hungary,20200823,2.0,1.0,1.0,2.0,0.0,1.0,1.0,3.0,2.0
236,Hungary,20200824,2.0,1.0,1.0,2.0,0.0,1.0,1.0,3.0,2.0
237,Hungary,20200825,2.0,1.0,1.0,2.0,0.0,1.0,1.0,3.0,2.0
238,Hungary,20200826,2.0,1.0,1.0,2.0,0.0,1.0,1.0,3.0,2.0
239,Hungary,20200827,2.0,1.0,1.0,2.0,0.0,1.0,1.0,3.0,2.0
240,Hungary,20200828,2.0,1.0,1.0,2.0,0.0,1.0,1.0,3.0,2.0
241,Hungary,20200829,2.0,1.0,1.0,2.0,0.0,1.0,1.0,3.0,2.0
242,Hungary,20200830,2.0,1.0,1.0,2.0,0.0,1.0,1.0,3.0,2.0
243,Hungary,20200831,2.0,1.0,1.0,2.0,0.0,1.0,1.0,3.0,2.0
244,Hungary,20200901,1.0,1.0,1.0,2.0,0.0,1.0,1.0,4.0,2.0
245,Hungary,20200902,1.0,1.0,1.0,2.0,0.0,1.0,1.0,4.0,2.0
246,Hungary,20200903,1.0,1.0,1.0,2.0,0.0,1.0,1.0,4.0,2.0
247,Hungary,20200904,1.0,1.0,1.0,2.0,0.0,1.0,1.0,4.0,2.0
248,Hungary,20200905,1.0,1.0,1.0,2.0,0.0,1.0,1.0,4.0,2.0
249,Hungary,20200906,1.0,1.0,1.0,2.0,0.0,1.0,1.0,4.0,2.0
250,Hungary,20200907,1.0,1.0,1.0,2.0,0.0,1.0,1.0,4.0,2.0
251,Hungary,20200908,1.0,1.0,1.0,2.0,0.0,1.0,1.0,4.0,2.0
252,Hungary,20200909,1.0,1.0,1.0,2.0,0.0,1.0,1.0,4.0,2.0
253,Hungary,20200910,1.0,1.0,1.0,2.0,0.0,1.0,1.0,4.0,2.0
254,Hungary,20200911,1.0,1.0,1.0,2.0,0.0,0.0,0.0,4.0,2.0
255,Hungary,20200912,1.0,1.0,1.0,2.0,0.0,0.0,0.0,4.0,2.0
256,Hungary,20200913,1.0,1.0,1.0,2.0,0.0,0.0,0.0,4.0,2.0
257,Hungary,20200914,1.0,1.0,1.0,2.0,0.0,0.0,0.0,4.0,2.0
258,Hungary,20200915,1.0,1.0,1.0,2.0,0.0,0.0,0.0,4.0,2.0
259,Hungary,20200916,1.0,1.0,1.0,2.0,0.0,0.0,0.0,4.0,2.0
260,Hungary,20200917,1.0,1.0,1.0,2.0,0.0,0.0,0.0,4.0,2.0
261,Hungary,20200918,1.0,1.0,1.0,2.0,0.0,0.0,0.0,4.0,2.0
262,Hungary,20200919,1.0,1.0,1.0,2.0,0.0,0.0,0.0,4.0,2.0
263,Hungary,20200920,1.0,1.0,1.0,2.0,0.0,0.0,0.0,4.0,2.0
264,Hungary,20200921,1.0,1.0,1.0,2.0,0.0,0.0,0.0,4.0,2.0
265,Hungary,20200922,1.0,1.0,1.0,2.0,0.0,0.0,0.0,4.0,2.0
266,Hungary,20200923,1.0,1.0,1.0,2.0,0.0,0.0,0.0,4.0,2.0
267,Hungary,20200924,1.0,1.0,1.0,2.0,0.0,0.0,0.0,4.0,2.0
268,Hungary,20200925,1.0,1.0,1.0,2.0,0.0,0.0,0.0,4.0,2.0
269,Hungary,20200926,1.0,1.0,1.0,2.0,0.0,0.0,0.0,4.0,2.0
270,Hungary,20200927,1.0,1.0,1.0,2.0,0.0,0.0,0.0,4.0,2.0
271,Hungary,20200928,1.0,1.0,1.0,2.0,0.0,0.0,0.0,4.0,2.0
272,Hungary,20200929,1.0,1.0,1.0,2.0,0.0,0.0,0.0,4.0,2.0
273,Hungary,20200930,1.0,1.0,1.0,2.0,0.0,0.0,0.0,4.0,2.0
274,Hungary,20201001,1.0,1.0,1.0,2.0,0.0,0.0,0.0,4.0,2.0
275,Hungary,20201002,1.0,1.0,1.0,2.0,0.0,0.0,0.0,4.0,2.0
276,Hungary,20201003,1.0,1.0,1.0,2.0,0.0,0.0,0.0,4.0,2.0
277,Hungary,20201004,1.0,1.0,1.0,2.0,0.0,0.0,0.0,4.0,2.0
278,Hungary,20201005,1.0,1.0,1.0,2.0,0.0,0.0,0.0,4.0,2.0
279,Hungary,20201006,1.0,1.0,1.0,2.0,0.0,0.0,0.0,4.0,2.0
280,Hungary,20201007,1.0,1.0,1.0,2.0,0.0,0.0,0.0,4.0,2.0
281,Hungary,20201008,1.0,1.0,1.0,2.0,0.0,0.0,0.0,4.0,2.0
282,Hungary,20201009,1.0,1.0,1.0,2.0,0.0,0.0,0.0,4.0,2.0
283,Hungary,20201010,1.0,1.0,1.0,2.0,0.0,0.0,0.0,4.0,2.0
284,Hungary,20201011,1.0,1.0,1.0,2.0,0.0,0.0,0.0,4.0,2.0
285,Hungary,20201012,1.0,1.0,1.0,2.0,0.0,0.0,0.0,4.0,2.0
286,Hungary,20201013,1.0,1.0,1.0,2.0,0.0,0.0,0.0,4.0,2.0
287,Hungary,20201014,1.0,1.0,1.0,2.0,0.0,0.0,0.0,4.0,2.0
288,Hungary,20201015,1.0,1.0,1.0,2.0,0.0,0.0,0.0,4.0,2.0
289,Hungary,20201016,1.0,1.0,1.0,2.0,0.0,0.0,0.0,4.0,2.0
290,Hungary,20201017,1.0,1.0,1.0,2.0,0.0,0.0,0.0,4.0,2.0
291,Hungary,20201018,1.0,1.0,1.0,2.0,0.0,0.0,0.0,4.0,2.0
292,Hungary,20201019,1.0,1.0,1.0,2.0,0.0,0.0,0.0,4.0,2.0
293,Hungary,20201020,1.0,1.0,1.0,2.0,0.0,0.0,0.0,4.0,2.0
294,Hungary,20201021,1.0,1.0,1.0,2.0,0.0,0.0,0.0,4.0,2.0
295,Hungary,20201022,1.0,1.0,1.0,2.0,0.0,0.0,0.0,4.0,2.0
296,Hungary,20201023,1.0,1.0,1.0,2.0,0.0,0.0,0.0,4.0,2.0
297,Hungary,20201024,1.0,1.0,1.0,2.0,0.0,0.0,0.0,4.0,2.0
298,Hungary,20201025,1.0,1.0,1.0,2.0,0.0,0.0,0.0,4.0,2.0
299,Hungary,20201026,1.0,1.0,1.0,2.0,0.0,0.0,0.0,4.0,2.0
300,Hungary,20201027,1.0,1.0,1.0,2.0,0.0,0.0,0.0,4.0,2.0
301,Hungary,20201028,1.0,1.0,1.0,2.0,0.0,0.0,0.0,4.0,2.0
302,Hungary,20201029,1.0,1.0,1.0,2.0,0.0,0.0,0.0,4.0,2.0
303,Hungary,20201030,1.0,1.0,1.0,2.0,0.0,0.0,0.0,4.0,2.0
304,Hungary,20201031,1.0,1.0,1.0,2.0,0.0,0.0,0.0,4.0,2.0
305,Hungary,20201101,1.0,1.0,1.0,2.0,0.0,0.0,0.0,4.0,2.0
306,Hungary,20201102,1.0,1.0,1.0,2.0,0.0,0.0,0.0,4.0,2.0
307,Hungary,20201103,1.0,2.0,1.0,2.0,1.0,0.0,0.0,4.0,2.0
308,Hungary,20201104,1.0,2.0,1.0,2.0,1.0,0.0,0.0,4.0,2.0
309,Hungary,20201105,1.0,2.0,1.0,2.0,1.0,2.0,0.0,4.0,2.0
310,Hungary,20201106,1.0,2.0,1.0,2.0,1.0,2.0,0.0,4.0,2.0
311,Hungary,20201107,1.0,2.0,1.0,2.0,1.0,2.0,0.0,4.0,2.0
312,Hungary,20201108,1.0,2.0,1.0,2.0,1.0,2.0,0.0,4.0,2.0
313,Hungary,20201109,1.0,2.0,1.0,2.0,1.0,2.0,0.0,4.0,2.0
314,Hungary,20201110,2.0,2.0,2.0,4.0,1.0,2.0,0.0,4.0,2.0
315,Hungary,20201111,2.0,2.0,2.0,4.0,1.0,2.0,0.0,4.0,2.0
316,Hungary,20201112,2.0,2.0,2.0,4.0,1.0,2.0,0.0,4.0,2.0
317,Hungary,20201113,2.0,2.0,2.0,4.0,1.0,2.0,0.0,4.0,2.0
318,Hungary,20201114,2.0,2.0,2.0,4.0,1.0,2.0,0.0,4.0,2.0
319,Hungary,20201115,2.0,2.0,2.0,4.0,1.0,2.0,0.0,4.0,2.0
320,Hungary,20201116,2.0,2.0,2.0,4.0,1.0,2.0,0.0,4.0,2.0
321,Hungary,20201117,2.0,2.0,2.0,4.0,1.0,2.0,0.0,4.0,2.0
322,Hungary,20201118,2.0,2.0,2.0,4.0,1.0,2.0,0.0,4.0,2.0
323,Hungary,20201119,2.0,2.0,2.0,4.0,1.0,2.0,0.0,4.0,2.0
324,Hungary,20201120,2.0,2.0,2.0,4.0,1.0,2.0,0.0,4.0,2.0
325,Hungary,20201121,2.0,2.0,2.0,4.0,1.0,2.0,0.0,4.0,2.0
326,Hungary,20201122,2.0,2.0,2.0,4.0,1.0,2.0,0.0,4.0,2.0
327,Hungary,20201123,2.0,2.0,2.0,4.0,1.0,2.0,0.0,4.0,2.0
328,Hungary,20201124,2.0,2.0,2.0,4.0,1.0,2.0,0.0,4.0,2.0
329,Hungary,20201125,2.0,2.0,2.0,4.0,1.0,2.0,0.0,4.0,2.0
330,Hungary,20201126,2.0,2.0,2.0,4.0,1.0,2.0,0.0,4.0,2.0
331,Hungary,20201127,2.0,2.0,2.0,4.0,1.0,2.0,0.0,4.0,2.0
332,Hungary,20201128,2.0,2.0,2.0,4.0,1.0,2.0,0.0,4.0,2.0
333,Hungary,20201129,2.0,2.0,2.0,4.0,1.0,2.0,0.0,4.0,2.0
334,Hungary,20201130,2.0,2.0,2.0,4.0,1.0,2.0,0.0,4.0,2.0
335,Hungary,20201201,2.0,2.0,2.0,4.0,1.0,2.0,0.0,4.0,2.0
336,Hungary,20201202,2.0,2.0,2.0,4.0,1.0,2.0,0.0,4.0,2.0
337,Hungary,20201203,2.0,2.0,2.0,4.0,1.0,2.0,0.0,4.0,2.0
338,Hungary,20201204,2.0,2.0,2.0,4.0,1.0,2.0,0.0,4.0,2.0
339,Hungary,20201205,2.0,2.0,2.0,4.0,1.0,2.0,0.0,4.0,2.0
340,Hungary,20201206,2.0,2.0,2.0,4.0,1.0,2.0,0.0,4.0,2.0
341,Hungary,20201207,2.0,2.0,2.0,4.0,1.0,2.0,0.0,4.0,2.0
342,Hungary,20201208,2.0,2.0,2.0,4.0,1.0,2.0,0.0,4.0,2.0
343,Hungary,20201209,2.0,2.0,2.0,4.0,1.0,2.0,0.0,4.0,2.0
344,Hungary,20201210,2.0,2.0,2.0,4.0,1.0,2.0,0.0,4.0,2.0
345,Hungary,20201211,2.0,2.0,2.0,4.0,1.0,2.0,0.0,4.0,2.0
346,Hungary,20201212,2.0,2.0,2.0,4.0,1.0,2.0,0.0,4.0,2.0
347,Hungary,20201213,2.0,2.0,2.0,4.0,1.0,2.0,0.0,4.0,2.0
348,Hungary,20201214,2.0,2.0,2.0,4.0,1.0,2.0,0.0,4.0,2.0
349,Hungary,20201215,2.0,2.0,2.0,4.0,1.0,2.0,0.0,4.0,2.0
350,Hungary,20201216,2.0,2.0,2.0,4.0,1.0,2.0,0.0,4.0,2.0
351,Hungary,20201217,2.0,2.0,2.0,4.0,1.0,2.0,0.0,4.0,2.0
352,Hungary,20201218,2.0,2.0,2.0,4.0,1.0,2.0,0.0,4.0,2.0
353,Hungary,20201219,2.0,2.0,2.0,4.0,1.0,2.0,0.0,4.0,2.0
354,Hungary,20201220,2.0,2.0,2.0,4.0,1.0,2.0,0.0,4.0,2.0
355,Hungary,20201221,2.0,2.0,2.0,4.0,1.0,2.0,0.0,4.0,2.0
356,Hungary,20201222,2.0,2.0,2.0,4.0,1.0,2.0,0.0,4.0,2.0
357,Hungary,20201223,2.0,2.0,2.0,4.0,1.0,2.0,0.0,4.0,2.0
358,Hungary,20201224,2.0,2.0,2.0,4.0,1.0,2.0,0.0,4.0,2.0
359,Hungary,20201225,2.0,2.0,2.0,4.0,1.0,2.0,0.0,4.0,2.0
360,Hungary,20201226,2.0,2.0,2.0,4.0,1.0,2.0,0.0,4.0,2.0
361,Hungary,20201227,2.0,2.0,2.0,4.0,1.0,2.0,0.0,4.0,2.0
362,Hungary,20201228,2.0,2.0,2.0,4.0,1.0,2.0,0.0,4.0,2.0
363,Hungary,20201229,2.0,2.0,2.0,4.0,1.0,2.0,0.0,4.0,2.0
364,Hungary,20201230,2.0,2.0,2.0,4.0,1.0,2.0,0.0,4.0,2.0
365,Hungary,20201231,2.0,2.0,2.0,4.0,1.0,2.0,0.0,4.0,2.0
366,Hungary,20210101,2.0,2.0,2.0,4.0,1.0,2.0,0.0,4.0,2.0
367,Hungary,20210102,2.0,2.0,2.0,4.0,1.0,2.0,0.0,4.0,2.0
368,Hungary,20210103,2.0,2.0,2.0,4.0,1.0,2.0,0.0,4.0,2.0
369,Hungary,20210104,2.0,2.0,2.0,4.0,1.0,2.0,0.0,4.0,2.0
370,Hungary,20210105,2.0,2.0,2.0,4.0,1.0,2.0,0.0,4.0,2.0
371,Hungary,20210106,2.0,2.0,2.0,4.0,1.0,2.0,0.0,4.0,2.0
372,Hungary,20210107,2.0,2.0,2.0,4.0,1.0,2.0,0.0,4.0,2.0
373,Hungary,20210108,2.0,2.0,2.0,4.0,1.0,2.0,0.0,4.0,2.0
374,Hungary,20210109,2.0,2.0,2.0,4.0,1.0,2.0,0.0,4.0,2.0
375,Hungary,20210110,2.0,2.0,2.0,4.0,1.0,2.0,0.0,4.0,2.0
376,Hungary,20210111,2.0,2.0,2.0,4.0,1.0,2.0,0.0,4.0,2.0
377,Hungary,20210112,2.0,2.0,2.0,4.0,1.0,2.0,0.0,4.0,2.0
378,Hungary,20210113,2.0,2.0,2.0,4.0,1.0,2.0,0.0,4.0,2.0
379,Hungary,20210114,2.0,2.0,2.0,4.0,1.0,2.0,0.0,4.0,2.0
380,Hungary,20210115,2.0,2.0,2.0,4.0,1.0,2.0,0.0,4.0,2.0
381,Hungary,20210116,2.0,2.0,2.0,4.0,1.0,2.0,0.0,4.0,2.0
382,Hungary,20210117,2.0,2.0,2.0,4.0,1.0,2.0,0.0,4.0,2.0
383,Hungary,20210118,2.0,2.0,2.0,4.0,1.0,2.0,0.0,4.0,2.0
384,Hungary,20210119,2.0,2.0,2.0,4.0,1.0,2.0,0.0,4.0,2.0
385,Hungary,20210120,2.0,2.0,2.0,4.0,1.0,2.0,0.0,4.0,2.0
386,Hungary,20210121,2.0,2.0,2.0,4.0,1.0,2.0,0.0,4.0,2.0
387,Hungary,20210122,2.0,2.0,2.0,4.0,1.0,2.0,0.0,4.0,2.0
388,Hungary,20210123,2.0,2.0,2.0,4.0,1.0,2.0,0.0,4.0,2.0
389,Hungary,20210124,2.0,2.0,2.0,4.0,1.0,2.0,0.0,4.0,2.0
390,Hungary,20210125,2.0,2.0,2.0,4.0,1.0,2.0,0.0,4.0,2.0
391,Hungary,20210126,2.0,2.0,2.0,4.0,1.0,2.0,0.0,4.0,2.0
392,Hungary,20210127,2.0,2.0,2.0,4.0,1.0,2.0,0.0,4.0,2.0
393,Hungary,20210128,2.0,2.0,2.0,4.0,1.0,2.0,0.0,4.0,2.0
394,Hungary,20210129,2.0,2.0,2.0,4.0,1.0,2.0,0.0,4.0,2.0
395,Hungary,20210130,2.0,2.0,2.0,4.0,1.0,2.0,0.0,4.0,2.0
396,Hungary,20210131,2.0,2.0,2.0,4.0,1.0,2.0,0.0,4.0,2.0
397,Hungary,20210201,2.0,2.0,2.0,4.0,1.0,2.0,0.0,4.0,2.0
398,Hungary,20210202,2.0,2.0,2.0,4.0,1.0,2.0,0.0,4.0,2.0
399,Hungary,20210203,2.0,2.0,2.0,4.0,1.0,2.0,0.0,4.0,2.0
400,Hungary,20210204,2.0,2.0,2.0,4.0,1.0,2.0,0.0,4.0,2.0
401,Hungary,20210205,2.0,2.0,2.0,4.0,1.0,2.0,0.0,4.0,2.0
402,Hungary,20210206,2.0,2.0,2.0,4.0,1.0,2.0,0.0,4.0,2.0
403,Hungary,20210207,2.0,2.0,2.0,4.0,1.0,2.0,0.0,4.0,2.0
404,Hungary,20210208,2.0,2.0,2.0,4.0,1.0,2.0,0.0,4.0,2.0
405,Hungary,20210209,2.0,2.0,2.0,4.0,1.0,2.0,0.0,4.0,2.0
406,Hungary,20210210,2.0,2.0,2.0,4.0,1.0,2.0,0.0,4.0,2.0
407,Hungary,20210211,2.0,2.0,2.0,4.0,1.0,2.0,0.0,4.0,2.0
408,Hungary,20210212,2.0,2.0,2.0,4.0,1.0,2.0,0.0,4.0,2.0
409,Hungary,20210213,2.0,2.0,2.0,4.0,1.0,2.0,0.0,4.0,2.0
410,Hungary,20210214,2.0,2.0,2.0,4.0,1.0,2.0,0.0,4.0,2.0
411,Hungary,20210215,2.0,2.0,2.0,4.0,1.0,2.0,0.0,4.0,2.0
412,Hungary,20210216,2.0,2.0,2.0,4.0,1.0,2.0,0.0,4.0,2.0
413,Hungary,20210217,2.0,2.0,2.0,4.0,1.0,2.0,0.0,4.0,2.0
414,Hungary,20210218,2.0,2.0,2.0,4.0,1.0,2.0,0.0,4.0,2.0
415,Hungary,20210219,2.0,2.0,2.0,4.0,1.0,2.0,0.0,4.0,2.0
416,Hungary,20210220,2.0,2.0,2.0,4.0,1.0,2.0,0.0,4.0,2.0
417,Hungary,20210221,2.0,2.0,2.0,4.0,1.0,2.0,0.0,4.0,2.0
418,Hungary,20210222,2.0,2.0,2.0,4.0,1.0,2.0,0.0,4.0,2.0
419,Hungary,20210223,2.0,2.0,2.0,4.0,1.0,2.0,0.0,4.0,2.0
420,Hungary,20210224,2.0,2.0,2.0,4.0,1.0,2.0,0.0,4.0,2.0
421,Hungary,20210225,2.0,2.0,2.0,4.0,1.0,2.0,0.0,4.0,2.0
422,Hungary,20210226,2.0,2.0,2.0,4.0,1.0,2.0,0.0,4.0,2.0
423,Hungary,20210227,2.0,2.0,2.0,4.0,1.0,2.0,0.0,4.0,2.0
424,Hungary,20210228,2.0,2.0,2.0,4.0,1.0,2.0,0.0,4.0,2.0
425,Hungary,20210301,2.0,2.0,2.0,4.0,1.0,2.0,0.0,4.0,2.0
426,Hungary,20210302,2.0,2.0,2.0,4.0,1.0,2.0,0.0,4.0,2.0
427,Hungary,20210303,2.0,2.0,2.0,4.0,1.0,2.0,0.0,4.0,2.0
428,Hungary,20210304,2.0,2.0,2.0,4.0,1.0,2.0,0.0,4.0,2.0
429,Hungary,20210305,2.0,2.0,2.0,4.0,1.0,2.0,0.0,4.0,2.0
430,Hungary,20210306,2.0,2.0,2.0,4.0,1.0,2.0,0.0,4.0,2.0
431,Hungary,20210307,2.0,2.0,2.0,4.0,1.0,2.0,0.0,4.0,2.0
432,Hungary,20210308,3.0,3.0,2.0,4.0,1.0,2.0,0.0,4.0,2.0
433,Hungary,20210309,3.0,3.0,2.0,4.0,1.0,2.0,0.0,4.0,2.0
434,Hungary,20210310,3.0,3.0,2.0,4.0,1.0,2.0,0.0,4.0,2.0
435,Hungary,20210311,3.0,3.0,2.0,4.0,1.0,2.0,0.0,4.0,2.0
436,Hungary,20210312,3.0,3.0,2.0,4.0,1.0,2.0,0.0,4.0,2.0
437,Hungary,20210313,3.0,3.0,2.0,4.0,1.0,2.0,0.0,4.0,2.0
438,Hungary,20210314,3.0,3.0,2.0,4.0,1.0,2.0,0.0,4.0,2.0
439,Hungary,20210315,3.0,3.0,2.0,4.0,1.0,2.0,0.0,4.0,2.0
440,Hungary,20210316,3.0,3.0,2.0,4.0,1.0,2.0,0.0,4.0,2.0
441,Hungary,20210317,3.0,3.0,2.0,4.0,1.0,2.0,0.0,4.0,2.0
442,Hungary,20210318,3.0,3.0,2.0,4.0,1.0,2.0,0.0,4.0,2.0
443,Hungary,20210319,3.0,3.0,2.0,4.0,1.0,2.0,0.0,4.0,2.0
444,Hungary,20210320,3.0,3.0,2.0,4.0,1.0,2.0,0.0,4.0,2.0
445,Hungary,20210321,3.0,3.0,2.0,4.0,1.0,2.0,0.0,4.0,2.0
446,Hungary,20210322,3.0,3.0,2.0,4.0,1.0,2.0,0.0,4.0,2.0
447,Hungary,20210323,3.0,3.0,2.0,4.0,1.0,2.0,0.0,4.0,2.0
448,Hungary,20210324,3.0,3.0,2.0,4.0,1.0,2.0,0.0,4.0,2.0
449,Hungary,20210325,3.0,3.0,2.0,4.0,1.0,2.0,0.0,4.0,2.0
450,Hungary,20210326,3.0,3.0,2.0,4.0,1.0,2.0,0.0,4.0,2.0
451,Hungary,20210327,3.0,3.0,2.0,4.0,1.0,2.0,0.0,4.0,2.0
452,Hungary,20210328,3.0,3.0,2.0,4.0,1.0,2.0,0.0,4.0,2.0
453,Hungary,20210329,3.0,3.0,2.0,4.0,1.0,2.0,0.0,4.0,2.0
454,Hungary,20210330,3.0,3.0,2.0,4.0,1.0,2.0,0.0,4.0,2.0
455,Hungary,20210331,3.0,3.0,2.0,4.0,1.0,2.0,0.0,4.0,2.0
456,Hungary,20210401,3.0,3.0,2.0,4.0,1.0,2.0,0.0,4.0,2.0
457,Hungary,20210402,3.0,3.0,2.0,4.0,1.0,2.0,0.0,4.0,2.0
458,Hungary,20210403,3.0,3.0,2.0,4.0,1.0,2.0,0.0,4.0,2.0
459,Hungary,20210404,3.0,3.0,2.0,4.0,1.0,2.0,0.0,4.0,2.0
460,Hungary,20210405,3.0,3.0,2.0,4.0,1.0,2.0,0.0,4.0,2.0
461,Hungary,20210406,3.0,3.0,2.0,4.0,1.0,2.0,0.0,4.0,2.0
462,Hungary,20210407,3.0,2.0,2.0,4.0,0.0,2.0,0.0,4.0,2.0
463,Hungary,20210408,3.0,2.0,2.0,4.0,0.0,2.0,0.0,4.0,2.0
464,Hungary,20210409,3.0,2.0,2.0,4.0,0.0,2.0,0.0,4.0,2.0
465,Hungary,20210410,3.0,2.0,2.0,4.0,0.0,2.0,0.0,4.0,2.0
466,Hungary,20210411,3.0,2.0,2.0,4.0,0.0,2.0,0.0,4.0,2.0
467,Hungary,20210412,3.0,2.0,2.0,4.0,0.0,2.0,0.0,4.0,2.0
468,Hungary,20210413,3.0,2.0,2.0,4.0,0.0,2.0,0.0,4.0,2.0
469,Hungary,20210414,3.0,2.0,2.0,4.0,0.0,2.0,0.0,4.0,2.0
470,Hungary,20210415,3.0,2.0,2.0,4.0,0.0,2.0,0.0,4.0,2.0
471,Hungary,20210416,3.0,2.0,2.0,4.0,0.0,2.0,0.0,4.0,2.0
472,Hungary,20210417,3.0,2.0,2.0,4.0,0.0,2.0,0.0,4.0,2.0
473,Hungary,20210418,3.0,2.0,2.0,4.0,0.0,2.0,0.0,4.0,2.0
474,Hungary,20210419,2.0,2.0,2.0,4.0,0.0,2.0,0.0,4.0,2.0
475,Hungary,20210420,2.0,2.0,2.0,4.0,0.0,2.0,0.0,4.0,2.0
476,Hungary,20210421,2.0,2.0,2.0,4.0,0.0,2.0,0.0,4.0,2.0
477,Hungary,20210422,2.0,2.0,2.0,4.0,0.0,2.0,0.0,4.0,2.0
478,Hungary,20210423,2.0,2.0,2.0,4.0,0.0,2.0,0.0,4.0,2.0
479,Hungary,20210424,2.0,2.0,2.0,4.0,0.0,2.0,0.0,4.0,2.0
480,Hungary,20210425,2.0,2.0,2.0,4.0,0.0,2.0,0.0,4.0,2.0
481,Hungary,20210426,2.0,2.0,2.0,4.0,0.0,2.0,0.0,4.0,2.0
482,Hungary,20210427,2.0,2.0,2.0,4.0,0.0,2.0,0.0,4.0,2.0
483,Hungary,20210428,2.0,2.0,2.0,4.0,0.0,2.0,0.0,4.0,2.0
484,Hungary,20210429,2.0,2.0,2.0,4.0,0.0,2.0,0.0,4.0,2.0
485,Hungary,20210430,2.0,2.0,2.0,4.0,0.0,2.0,0.0,4.0,2.0
486,Hungary,20210501,2.0,2.0,2.0,4.0,0.0,2.0,0.0,4.0,2.0
487,Hungary,20210502,2.0,2.0,2.0,4.0,0.0,2.0,0.0,4.0,2.0
488,Hungary,20210503,2.0,2.0,2.0,4.0,0.0,2.0,0.0,4.0,2.0
489,Hungary,20210504,2.0,2.0,2.0,4.0,0.0,2.0,0.0,4.0,2.0
490,Hungary,20210505,2.0,2.0,2.0,4.0,0.0,2.0,0.0,4.0,2.0
491,Hungary,20210506,2.0,2.0,2.0,4.0,0.0,2.0,0.0,4.0,2.0
492,Hungary,20210507,2.0,2.0,2.0,4.0,0.0,2.0,0.0,4.0,2.0
493,Hungary,20210508,2.0,2.0,2.0,4.0,0.0,2.0,0.0,4.0,2.0
494,Hungary,20210509,2.0,2.0,2.0,4.0,0.0,2.0,0.0,4.0,2.0
495,Hungary,20210510,2.0,2.0,2.0,4.0,0.0,2.0,0.0,4.0,2.0
496,Hungary,20210511,2.0,2.0,2.0,4.0,0.0,2.0,0.0,4.0,2.0
497,Hungary,20210512,2.0,2.0,2.0,4.0,0.0,2.0,0.0,4.0,2.0
498,Hungary,20210513,2.0,2.0,2.0,4.0,0.0,2.0,0.0,4.0,2.0
499,Hungary,20210514,2.0,2.0,2.0,4.0,0.0,2.0,0.0,4.0,2.0
500,Hungary,20210515,2.0,2.0,2.0,4.0,0.0,2.0,0.0,4.0,2.0
501,Hungary,20210516,2.0,2.0,2.0,4.0,0.0,2.0,0.0,4.0,2.0
502,Hungary,20210517,2.0,2.0,2.0,4.0,0.0,2.0,0.0,4.0,2.0
503,Hungary,20210518,2.0,2.0,1.0,3.0,0.0,2.0,0.0,2.0,2.0
504,Hungary,20210519,2.0,2.0,1.0,3.0,0.0,2.0,0.0,2.0,2.0
505,Hungary,20210520,2.0,2.0,1.0,3.0,0.0,2.0,0.0,2.0,2.0
506,Hungary,20210521,2.0,2.0,1.0,3.0,0.0,2.0,0.0,2.0,2.0
507,Hungary,20210522,2.0,2.0,1.0,3.0,0.0,2.0,0.0,2.0,2.0
508,Hungary,20210523,2.0,2.0,1.0,3.0,0.0,2.0,0.0,2.0,2.0
509,Hungary,20210524,2.0,2.0,1.0,3.0,0.0,2.0,0.0,2.0,2.0
510,Hungary,20210525,2.0,2.0,1.0,3.0,0.0,2.0,0.0,2.0,2.0
511,Hungary,20210526,2.0,2.0,1.0,3.0,0.0,2.0,0.0,2.0,2.0
512,Hungary,20210527,2.0,2.0,1.0,3.0,0.0,2.0,0.0,2.0,2.0
513,Hungary,20210528,2.0,2.0,1.0,3.0,0.0,2.0,0.0,2.0,2.0
514,Hungary,20210529,2.0,2.0,1.0,3.0,0.0,2.0,0.0,2.0,2.0
515,Hungary,20210530,2.0,2.0,1.0,3.0,0.0,2.0,0.0,2.0,2.0
516,Hungary,20210531,2.0,2.0,1.0,3.0,0.0,2.0,0.0,2.0,2.0
517,Hungary,20210601,2.0,2.0,1.0,3.0,0.0,2.0,0.0,2.0,2.0
518,Hungary,20210602,2.0,2.0,1.0,3.0,0.0,2.0,0.0,2.0,2.0
519,Hungary,20210603,2.0,2.0,1.0,3.0,0.0,2.0,0.0,2.0,2.0
520,Hungary,20210604,2.0,2.0,1.0,3.0,0.0,2.0,0.0,2.0,2.0
521,Hungary,20210605,2.0,2.0,1.0,3.0,0.0,2.0,0.0,2.0,2.0
522,Hungary,20210606,2.0,2.0,1.0,3.0,0.0,2.0,0.0,2.0,2.0
523,Hungary,20210607,2.0,2.0,1.0,3.0,0.0,2.0,0.0,2.0,2.0
524,Hungary,20210608,2.0,2.0,1.0,3.0,0.0,2.0,0.0,2.0,2.0
525,Hungary,20210609,2.0,2.0,1.0,3.0,0.0,2.0,0.0,2.0,2.0
526,Hungary,20210610,2.0,2.0,1.0,3.0,0.0,2.0,0.0,2.0,2.0
527,Hungary,20210611,2.0,2.0,1.0,3.0,0.0,2.0,0.0,2.0,2.0
528,Hungary,20210612,2.0,2.0,1.0,3.0,0.0,2.0,0.0,2.0,2.0
529,Hungary,20210613,2.0,2.0,1.0,3.0,0.0,2.0,0.0,2.0,2.0
530,Hungary,20210614,2.0,2.0,1.0,3.0,0.0,2.0,0.0,2.0,2.0
531,Hungary,20210615,2.0,2.0,1.0,3.0,0.0,2.0,0.0,2.0,2.0
532,Hungary,20210616,2.0,2.0,1.0,3.0,0.0,2.0,0.0,2.0,2.0
533,Hungary,20210617,2.0,2.0,1.0,3.0,0.0,2.0,0.0,2.0,2.0
534,Hungary,20210618,2.0,2.0,1.0,3.0,0.0,2.0,0.0,2.0,2.0
535,Hungary,20210619,2.0,2.0,1.0,3.0,0.0,2.0,0.0,2.0,2.0
536,Hungary,20210620,2.0,2.0,1.0,3.0,0.0,2.0,0.0,2.0,2.0
537,Hungary,20210621,2.0,2.0,1.0,3.0,0.0,2.0,0.0,2.0,2.0
538,Hungary,20210622,2.0,2.0,1.0,3.0,0.0,2.0,0.0,2.0,2.0
539,Hungary,20210623,2.0,2.0,1.0,3.0,0.0,2.0,0.0,2.0,2.0
540,Hungary,20210624,2.0,2.0,1.0,3.0,0.0,2.0,0.0,2.0,2.0
541,Hungary,20210625,2.0,2.0,1.0,3.0,0.0,2.0,0.0,2.0,2.0
542,Hungary,20210626,2.0,2.0,1.0,3.0,0.0,2.0,0.0,2.0,2.0
543,Hungary,20210627,2.0,2.0,1.0,3.0,0.0,2.0,0.0,2.0,2.0
544,Hungary,20210628,2.0,2.0,1.0,3.0,0.0,2.0,0.0,2.0,2.0
545,Hungary,20210629,0.0,0.0,0.0,3.0,0.0,0.0,0.0,3.0,2.0
546,Hungary,20210630,0.0,0.0,0.0,3.0,0.0,0.0,0.0,3.0,2.0
547,Hungary,20210701,0.0,0.0,0.0,3.0,0.0,0.0,0.0,3.0,2.0
548,Hungary,20210702,0.0,0.0,0.0,3.0,0.0,0.0,0.0,3.0,2.0
549,Hungary,20210703,0.0,0.0,0.0,3.0,0.0,0.0,0.0,3.0,2.0
550,Hungary,20210704,0.0,0.0,0.0,3.0,0.0,0.0,0.0,3.0,2.0
551,Hungary,20210705,0.0,0.0,0.0,3.0,0.0,0.0,0.0,3.0,2.0
552,Hungary,20210706,0.0,0.0,0.0,3.0,0.0,0.0,0.0,3.0,2.0
553,Hungary,20210707,0.0,0.0,0.0,3.0,0.0,0.0,0.0,3.0,2.0
554,Hungary,20210708,0.0,0.0,0.0,3.0,0.0,0.0,0.0,3.0,2.0
555,Hungary,20210709,0.0,0.0,0.0,3.0,0.0,0.0,0.0,3.0,2.0
556,Hungary,20210710,0.0,0.0,0.0,3.0,0.0,0.0,0.0,3.0,2.0
557,Hungary,20210711,0.0,0.0,0.0,3.0,0.0,0.0,0.0,3.0,2.0
558,Hungary,20210712,0.0,0.0,0.0,3.0,0.0,0.0,0.0,3.0,2.0
559,Hungary,20210713,0.0,0.0,0.0,3.0,0.0,0.0,0.0,3.0,2.0
560,Hungary,20210714,0.0,0.0,0.0,3.0,0.0,0.0,0.0,3.0,2.0
561,Hungary,20210715,0.0,0.0,0.0,3.0,0.0,0.0,0.0,3.0,2.0
562,Hungary,20210716,0.0,0.0,0.0,3.0,0.0,0.0,0.0,3.0,2.0
563,Hungary,20210717,0.0,0.0,0.0,3.0,0.0,0.0,0.0,3.0,2.0
564,Hungary,20210718,0.0,0.0,0.0,3.0,0.0,0.0,0.0,3.0,2.0
565,Hungary,20210719,0.0,0.0,0.0,3.0,0.0,0.0,0.0,3.0,2.0
566,Hungary,20210720,0.0,0.0,0.0,3.0,0.0,0.0,0.0,3.0,2.0
567,Hungary,20210721,0.0,0.0,0.0,3.0,0.0,0.0,0.0,3.0,2.0
568,Hungary,20210722,0.0,0.0,0.0,3.0,0.0,0.0,0.0,3.0,2.0
569,Hungary,20210723,0.0,0.0,0.0,3.0,0.0,0.0,0.0,3.0,2.0
570,Hungary,20210724,0.0,0.0,0.0,3.0,0.0,0.0,0.0,3.0,2.0
571,Hungary,20210725,0.0,0.0,0.0,3.0,0.0,0.0,0.0,3.0,2.0
572,Hungary,20210726,0.0,0.0,0.0,3.0,0.0,0.0,0.0,3.0,2.0
573,Hungary,20210727,0.0,0.0,0.0,3.0,0.0,0.0,0.0,3.0,2.0
574,Hungary,20210728,0.0,0.0,0.0,3.0,0.0,0.0,0.0,3.0,2.0
575,Hungary,20210729,0.0,0.0,0.0,3.0,0.0,0.0,0.0,3.0,2.0
576,Hungary,20210730,0.0,0.0,0.0,3.0,0.0,0.0,0.0,3.0,2.0
577,Hungary,20210731,0.0,0.0,0.0,3.0,0.0,0.0,0.0,3.0,2.0
578,Hungary,20210801,0.0,0.0,0.0,3.0,0.0,0.0,0.0,3.0,2.0
579,Hungary,20210802,0.0,0.0,0.0,3.0,0.0,0.0,0.0,3.0,2.0
580,Hungary,20210803,0.0,0.0,0.0,3.0,0.0,0.0,0.0,3.0,2.0
581,Hungary,20210804,0.0,0.0,0.0,3.0,0.0,0.0,0.0,3.0,2.0
582,Hungary,20210805,0.0,0.0,0.0,3.0,0.0,0.0,0.0,3.0,2.0
583,Hungary,20210806,0.0,0.0,0.0,3.0,0.0,0.0,0.0,3.0,2.0
584,Hungary,20210807,0.0,0.0,0.0,3.0,0.0,0.0,0.0,3.0,2.0
585,Hungary,20210808,0.0,0.0,0.0,3.0,0.0,0.0,0.0,3.0,2.0
586,Hungary,20210809,0.0,0.0,0.0,3.0,0.0,0.0,0.0,3.0,2.0
587,Hungary,20210810,0.0,0.0,0.0,3.0,0.0,0.0,0.0,3.0,2.0
588,Hungary,20210811,0.0,0.0,0.0,3.0,0.0,0.0,0.0,3.0,2.0
589,Hungary,20210812,0.0,0.0,0.0,3.0,0.0,0.0,0.0,3.0,2.0
590,Hungary,20210813,0.0,0.0,0.0,3.0,0.0,0.0,0.0,3.0,2.0
591,Hungary,20210814,0.0,0.0,0.0,3.0,0.0,0.0,0.0,3.0,2.0
592,Hungary,20210815,0.0,0.0,0.0,3.0,0.0,0.0,0.0,3.0,2.0
593,Hungary,20210816,0.0,0.0,0.0,3.0,0.0,0.0,0.0,3.0,2.0
594,Hungary,20210817,0.0,0.0,0.0,3.0,0.0,0.0,0.0,3.0,2.0
595,Hungary,20210818,0.0,0.0,0.0,3.0,0.0,0.0,0.0,3.0,2.0
596,Hungary,20210819,0.0,0.0,0.0,3.0,0.0,0.0,0.0,3.0,2.0
597,Hungary,20210820,0.0,0.0,1.0,2.0,0.0,0.0,0.0,1.0,2.0
598,Hungary,20210821,0.0,0.0,1.0,2.0,0.0,0.0,0.0,1.0,2.0
599,Hungary,20210822,0.0,0.0,1.0,2.0,0.0,0.0,0.0,1.0,2.0
600,Hungary,20210823,0.0,0.0,1.0,2.0,0.0,0.0,0.0,1.0,2.0
601,Hungary,20210824,0.0,0.0,1.0,2.0,0.0,0.0,0.0,1.0,2.0
602,Hungary,20210825,0.0,0.0,1.0,2.0,0.0,0.0,0.0,1.0,2.0
603,Hungary,20210826,0.0,0.0,1.0,2.0,0.0,0.0,0.0,1.0,2.0
604,Hungary,20210827,0.0,0.0,1.0,2.0,0.0,0.0,0.0,1.0,2.0
605,Hungary,20210828,0.0,0.0,1.0,2.0,0.0,0.0,0.0,1.0,2.0
606,Hungary,20210829,0.0,0.0,1.0,2.0,0.0,0.0,0.0,1.0,2.0
607,Hungary,20210830,0.0,0.0,1.0,2.0,0.0,0.0,0.0,1.0,2.0
608,Hungary,20210831,0.0,0.0,1.0,2.0,0.0,0.0,0.0,1.0,2.0
609,Hungary,20210901,0.0,0.0,1.0,2.0,0.0,0.0,0.0,1.0,2.0
610,Hungary,20210902,0.0,0.0,1.0,2.0,0.0,0.0,0.0,1.0,2.0
611,Hungary,20210903,0.0,0.0,1.0,2.0,0.0,0.0,0.0,1.0,2.0
612,Hungary,20210904,0.0,0.0,1.0,2.0,0.0,0.0,0.0,1.0,2.0
613,Hungary,20210905,0.0,0.0,1.0,2.0,0.0,0.0,0.0,1.0,2.0
614,Hungary,20210906,0.0,0.0,1.0,2.0,0.0,0.0,0.0,1.0,2.0
615,Hungary,20210907,0.0,0.0,1.0,2.0,0.0,0.0,0.0,2.0,2.0
616,Hungary,20210908,0.0,0.0,1.0,2.0,0.0,0.0,0.0,2.0,2.0
617,Hungary,20210909,0.0,0.0,1.0,2.0,0.0,0.0,0.0,2.0,2.0
618,Hungary,20210910,0.0,0.0,1.0,2.0,0.0,0.0,0.0,2.0,2.0
619,Hungary,20210911,0.0,0.0,1.0,2.0,0.0,0.0,0.0,2.0,2.0
620,Hungary,20210912,0.0,0.0,1.0,2.0,0.0,0.0,0.0,2.0,2.0
621,Hungary,20210913,0.0,0.0,1.0,2.0,0.0,0.0,0.0,1.0,2.0
622,Hungary,20210914,0.0,0.0,1.0,2.0,0.0,0.0,0.0,1.0,2.0
623,Hungary,20210915,0.0,0.0,1.0,2.0,0.0,0.0,0.0,1.0,2.0
624,Hungary,20210916,0.0,0.0,1.0,2.0,0.0,0.0,0.0,1.0,2.0
625,Hungary,20210917,0.0,0.0,1.0,2.0,0.0,0.0,0.0,1.0,2.0
626,Hungary,20210918,0.0,0.0,1.0,2.0,0.0,0.0,0.0,1.0,2.0
627,Hungary,20210919,0.0,0.0,1.0,2.0,0.0,0.0,0.0,1.0,2.0
628,Hungary,20210920,0.0,0.0,1.0,2.0,0.0,0.0,0.0,1.0,2.0
629,Hungary,20210921,0.0,0.0,1.0,2.0,0.0,0.0,0.0,1.0,2.0
630,Hungary,20210922,0.0,0.0,1.0,2.0,0.0,0.0,0.0,1.0,2.0
631,Hungary,20210923,0.0,0.0,1.0,2.0,0.0,0.0,0.0,1.0,2.0
632,Hungary,20210924,0.0,0.0,1.0,2.0,0.0,0.0,0.0,1.0,2.0
633,Hungary,20210925,0.0,0.0,1.0,2.0,0.0,0.0,0.0,1.0,2.0
634,Hungary,20210926,0.0,0.0,1.0,2.0,0.0,0.0,0.0,1.0,2.0
635,Hungary,20210927,0.0,0.0,1.0,2.0,0.0,0.0,0.0,1.0,2.0
636,Hungary,20210928,0.0,0.0,1.0,2.0,0.0,0.0,0.0,1.0,2.0
637,Hungary,20210929,0.0,0.0,1.0,2.0,0.0,0.0,0.0,1.0,2.0
638,Hungary,20210930,0.0,0.0,1.0,2.0,0.0,0.0,0.0,1.0,2.0
639,Hungary,20211001,0.0,0.0,1.0,2.0,0.0,0.0,0.0,1.0,2.0
640,Hungary,20211002,0.0,0.0,1.0,2.0,0.0,0.0,0.0,1.0,2.0
641,Hungary,20211003,0.0,0.0,1.0,2.0,0.0,0.0,0.0,1.0,2.0
642,Hungary,20211004,0.0,0.0,1.0,2.0,0.0,0.0,0.0,1.0,2.0
643,Hungary,20211005,0.0,0.0,1.0,2.0,0.0,0.0,0.0,1.0,2.0
644,Hungary,20211006,0.0,0.0,1.0,2.0,0.0,0.0,0.0,1.0,2.0
645,Hungary,20211007,0.0,0.0,1.0,2.0,0.0,0.0,0.0,1.0,2.0
646,Hungary,20211008,0.0,0.0,1.0,2.0,0.0,0.0,0.0,1.0,2.0
647,Hungary,20211009,0.0,0.0,1.0,2.0,0.0,0.0,0.0,1.0,2.0
648,Hungary,20211010,0.0,0.0,1.0,2.0,0.0,0.0,0.0,1.0,2.0
649,Hungary,20211011,0.0,0.0,1.0,2.0,0.0,0.0,0.0,1.0,2.0
650,Hungary,20211012,0.0,0.0,1.0,2.0,0.0,0.0,0.0,1.0,2.0
651,Hungary,20211013,0.0,0.0,1.0,2.0,0.0,0.0,0.0,1.0,2.0
652,Hungary,20211014,0.0,0.0,1.0,2.0,0.0,0.0,0.0,1.0,2.0
653,Hungary,20211015,0.0,0.0,1.0,2.0,0.0,0.0,0.0,1.0,2.0
654,Hungary,20211016,0.0,0.0,1.0,2.0,0.0,0.0,0.0,1.0,2.0
655,Hungary,20211017,0.0,0.0,1.0,2.0,0.0,0.0,0.0,1.0,2.0
656,Hungary,20211018,0.0,0.0,1.0,2.0,0.0,0.0,0.0,1.0,2.0
657,Hungary,20211019,0.0,0.0,1.0,2.0,0.0,0.0,0.0,1.0,2.0
658,Hungary,20211020,0.0,0.0,1.0,2.0,0.0,0.0,0.0,1.0,2.0
659,Hungary,20211021,0.0,0.0,1.0,2.0,0.0,0.0,0.0,1.0,2.0
660,Hungary,20211022,0.0,0.0,1.0,2.0,0.0,0.0,0.0,1.0,2.0
661,Hungary,20211023,0.0,0.0,1.0,2.0,0.0,0.0,0.0,1.0,2.0
662,Hungary,20211024,0.0,0.0,1.0,2.0,0.0,0.0,0.0,1.0,2.0
663,Hungary,20211025,0.0,0.0,1.0,2.0,0.0,0.0,0.0,1.0,2.0
664,Hungary,20211026,0.0,0.0,1.0,2.0,0.0,0.0,0.0,1.0,2.0
665,Hungary,20211027,0.0,0.0,1.0,2.0,0.0,0.0,0.0,1.0,2.0
666,Hungary,20211028,0.0,0.0,1.0,2.0,0.0,0.0,0.0,1.0,2.0
667,Hungary,20211029,0.0,0.0,1.0,2.0,0.0,0.0,0.0,1.0,2.0
668,Hungary,20211030,0.0,0.0,1.0,2.0,0.0,0.0,0.0,1.0,2.0
669,Hungary,20211031,0.0,0.0,1.0,2.0,0.0,0.0,0.0,1.0,2.0
670,Hungary,20211101,0.0,0.0,1.0,2.0,0.0,0.0,0.0,1.0,2.0
671,Hungary,20211102,0.0,0.0,0.0,2.0,0.0,0.0,0.0,1.0,2.0
672,Hungary,20211103,0.0,0.0,0.0,2.0,0.0,0.0,0.0,1.0,2.0
673,Hungary,20211104,0.0,0.0,0.0,2.0,0.0,0.0,0.0,1.0,2.0
674,Hungary,20211105,0.0,0.0,0.0,2.0,0.0,0.0,0.0,1.0,2.0
675,Hungary,20211106,0.0,0.0,0.0,2.0,0.0,0.0,0.0,1.0,2.0
676,Hungary,20211107,0.0,0.0,0.0,2.0,0.0,0.0,0.0,1.0,2.0
677,Hungary,20211108,0.0,0.0,0.0,2.0,0.0,0.0,0.0,1.0,2.0
678,Hungary,20211109,0.0,0.0,0.0,2.0,0.0,0.0,0.0,1.0,2.0
679,Hungary,20211110,0.0,0.0,0.0,2.0,0.0,0.0,0.0,1.0,2.0
680,Hungary,20211111,0.0,0.0,0.0,2.0,0.0,0.0,0.0,1.0,2.0
681,Hungary,20211112,0.0,0.0,0.0,2.0,0.0,0.0,0.0,1.0,2.0
682,Hungary,20211113,0.0,0.0,0.0,2.0,0.0,0.0,0.0,1.0,2.0
683,Hungary,20211114,0.0,0.0,0.0,2.0,0.0,0.0,0.0,1.0,2.0
684,Hungary,20211115,0.0,0.0,0.0,2.0,0.0,0.0,0.0,1.0,2.0
685,Hungary,20211116,0.0,0.0,0.0,2.0,0.0,0.0,0.0,1.0,2.0
686,Hungary,20211117,0.0,0.0,0.0,2.0,0.0,0.0,0.0,1.0,2.0
687,Hungary,20211118,0.0,0.0,0.0,2.0,0.0,0.0,0.0,1.0,2.0
688,Hungary,20211119,0.0,0.0,0.0,2.0,0.0,0.0,0.0,1.0,2.0
689,Hungary,20211120,0.0,0.0,0.0,2.0,0.0,0.0,0.0,1.0,2.0
690,Hungary,20211121,0.0,0.0,0.0,2.0,0.0,0.0,0.0,1.0,2.0
691,Hungary,20211122,0.0,0.0,0.0,2.0,0.0,0.0,0.0,1.0,2.0
692,Hungary,20211123,0.0,0.0,0.0,2.0,0.0,0.0,0.0,1.0,2.0
693,Hungary,20211124,0.0,0.0,0.0,2.0,0.0,0.0,0.0,1.0,2.0
694,Hungary,20211125,0.0,0.0,0.0,2.0,0.0,0.0,0.0,1.0,2.0
695,Hungary,20211126,0.0,0.0,0.0,2.0,0.0,0.0,0.0,1.0,2.0
696,Hungary,20211127,0.0,0.0,1.0,3.0,0.0,0.0,0.0,1.0,2.0
697,Hungary,20211128,0.0,0.0,1.0,3.0,0.0,0.0,0.0,1.0,2.0
698,Hungary,20211129,0.0,0.0,1.0,3.0,0.0,0.0,0.0,1.0,2.0
699,Hungary,20211130,0.0,0.0,1.0,3.0,0.0,0.0,0.0,1.0,2.0
700,Hungary,20211201,0.0,0.0,1.0,3.0,0.0,0.0,0.0,1.0,2.0
701,Hungary,20211202,0.0,0.0,1.0,3.0,0.0,0.0,0.0,1.0,2.0
702,Hungary,20211203,0.0,0.0,1.0,3.0,0.0,0.0,0.0,1.0,2.0
703,Hungary,20211204,0.0,0.0,1.0,3.0,0.0,0.0,0.0,1.0,2.0
704,Hungary,20211205,0.0,0.0,1.0,3.0,0.0,0.0,0.0,1.0,2.0
705,Hungary,20211206,0.0,0.0,1.0,3.0,0.0,0.0,0.0,1.0,2.0
706,Hungary,20211207,0.0,0.0,1.0,3.0,0.0,0.0,0.0,1.0,2.0
707,Hungary,20211208,0.0,0.0,1.0,3.0,0.0,0.0,0.0,1.0,2.0
708,Hungary,20211209,0.0,0.0,1.0,3.0,0.0,0.0,0.0,1.0,2.0
709,Hungary,20211210,0.0,0.0,1.0,3.0,0.0,0.0,0.0,1.0,2.0
710,Hungary,20211211,0.0,0.0,0.0,3.0,0.0,0.0,0.0,1.0,2.0
711,Hungary,20211212,0.0,0.0,0.0,3.0,0.0,0.0,0.0,1.0,2.0
712,Hungary,20211213,0.0,0.0,0.0,3.0,0.0,0.0,0.0,1.0,2.0
713,Hungary,20211214,0.0,0.0,0.0,3.0,0.0,0.0,0.0,1.0,2.0
714,Hungary,20211215,0.0,0.0,0.0,3.0,0.0,0.0,0.0,1.0,2.0
715,Hungary,20211216,0.0,0.0,0.0,3.0,0.0,0.0,0.0,1.0,2.0
716,Hungary,20211217,0.0,0.0,0.0,3.0,0.0,0.0,0.0,1.0,2.0
717,Hungary,20211218,0.0,0.0,0.0,2.0,0.0,0.0,0.0,1.0,2.0
718,Hungary,20211219,0.0,0.0,0.0,2.0,0.0,0.0,0.0,1.0,2.0
719,Hungary,20211220,0.0,0.0,0.0,2.0,0.0,0.0,0.0,1.0,2.0
720,Hungary,20211221,0.0,0.0,0.0,2.0,0.0,0.0,0.0,1.0,2.0
721,Hungary,20211222,0.0,0.0,0.0,2.0,0.0,0.0,0.0,1.0,2.0
722,Hungary,20211223,0.0,0.0,0.0,2.0,0.0,0.0,0.0,1.0,2.0
723,Hungary,20211224,0.0,0.0,0.0,2.0,0.0,0.0,0.0,1.0,2.0
724,Hungary,20211225,0.0,0.0,0.0,2.0,0.0,0.0,0.0,1.0,2.0
725,Hungary,20211226,0.0,0.0,0.0,2.0,0.0,0.0,0.0,1.0,2.0
726,Hungary,20211227,0.0,0.0,0.0,2.0,0.0,0.0,0.0,1.0,2.0
727,Hungary,20211228,0.0,0.0,0.0,2.0,0.0,0.0,0.0,1.0,2.0
728,Hungary,20211229,0.0,0.0,0.0,2.0,0.0,0.0,0.0,1.0,2.0
729,Hungary,20211230,0.0,0.0,0.0,2.0,0.0,0.0,0.0,1.0,2.0
730,Hungary,20211231,0.0,0.0,0.0,2.0,0.0,0.0,0.0,1.0,2.0
731,Hungary,20220101,0.0,0.0,0.0,0.0,0.0,0.0,0.0,1.0,2.0
732,Hungary,20220102,0.0,0.0,0.0,0.0,0.0,0.0,0.0,1.0,2.0
733,Hungary,20220103,0.0,0.0,0.0,0.0,0.0,0.0,0.0,1.0,2.0
734,Hungary,20220104,0.0,0.0,0.0,0.0,0.0,0.0,0.0,1.0,2.0
735,Hungary,20220105,0.0,0.0,0.0,0.0,0.0,0.0,0.0,1.0,2.0
736,Hungary,20220106,0.0,0.0,0.0,0.0,0.0,0.0,0.0,1.0,2.0
737,Hungary,20220107,0.0,0.0,0.0,0.0,0.0,0.0,0.0,1.0,2.0
738,Hungary,20220108,0.0,0.0,0.0,0.0,0.0,0.0,0.0,1.0,2.0
739,Hungary,20220109,0.0,0.0,0.0,0.0,0.0,0.0,0.0,1.0,2.0
740,Hungary,20220110,0.0,0.0,0.0,0.0,0.0,0.0,0.0,1.0,2.0
741,Hungary,20220111,0.0,0.0,0.0,0.0,0.0,0.0,0.0,1.0,2.0
742,Hungary,20220112,0.0,0.0,0.0,0.0,0.0,0.0,0.0,1.0,2.0
743,Hungary,20220113,0.0,0.0,0.0,0.0,0.0,0.0,0.0,1.0,2.0
744,Hungary,20220114,0.0,0.0,0.0,0.0,0.0,0.0,0.0,1.0,2.0
745,Hungary,20220115,0.0,0.0,0.0,0.0,0.0,0.0,0.0,1.0,2.0
746,Hungary,20220116,0.0,0.0,0.0,0.0,0.0,0.0,0.0,1.0,2.0
747,Hungary,20220117,0.0,0.0,0.0,0.0,0.0,0.0,0.0,1.0,2.0
748,Hungary,20220118,0.0,0.0,0.0,0.0,0.0,0.0,0.0,1.0,2.0
749,Hungary,20220119,0.0,0.0,0.0,0.0,0.0,0.0,0.0,1.0,2.0
750,Hungary,20220120,0.0,0.0,0.0,0.0,0.0,0.0,0.0,1.0,2.0
751,Hungary,20220121,0.0,0.0,0.0,0.0,0.0,0.0,0.0,1.0,2.0
752,Hungary,20220122,0.0,0.0,0.0,0.0,0.0,0.0,0.0,1.0,2.0
753,Hungary,20220123,0.0,0.0,0.0,0.0,0.0,0.0,0.0,1.0,2.0
754,Hungary,20220124,0.0,0.0,0.0,0.0,0.0,0.0,0.0,1.0,2.0
755,Hungary,20220125,0.0,0.0,0.0,0.0,0.0,0.0,0.0,1.0,2.0
756,Hungary,20220126,0.0,0.0,0.0,0.0,0.0,0.0,0.0,1.0,2.0
757,Hungary,20220127,0.0,0.0,0.0,0.0,0.0,0.0,0.0,1.0,2.0
758,Hungary,20220128,0.0,0.0,0.0,0.0,0.0,0.0,0.0,1.0,2.0
759,Hungary,20220129,0.0,0.0,0.0,0.0,0.0,0.0,0.0,1.0,2.0
760,Hungary,20220130,0.0,0.0,0.0,0.0,0.0,0.0,0.0,1.0,2.0
761,Hungary,20220131,0.0,0.0,0.0,0.0,0.0,0.0,0.0,1.0,2.0
762,Hungary,20220201,0.0,0.0,0.0,0.0,0.0,0.0,0.0,1.0,2.0
763,Hungary,20220202,0.0,0.0,0.0,0.0,0.0,0.0,0.0,1.0,2.0
764,Hungary,20220203,0.0,0.0,0.0,0.0,0.0,0.0,0.0,1.0,2.0
765,Hungary,20220204,0.0,0.0,0.0,0.0,0.0,0.0,0.0,1.0,2.0
766,Hungary,20220205,0.0,0.0,0.0,0.0,0.0,0.0,0.0,1.0,2.0
767,Hungary,20220206,0.0,0.0,0.0,0.0,0.0,0.0,0.0,1.0,2.0
768,Hungary,20220207,0.0,0.0,0.0,0.0,0.0,0.0,0.0,1.0,2.0
769,Hungary,20220208,0.0,0.0,0.0,0.0,0.0,0.0,0.0,1.0,2.0
770,Hungary,20220209,0.0,0.0,0.0,0.0,0.0,0.0,0.0,1.0,2.0
771,Hungary,20220210,0.0,0.0,0.0,0.0,0.0,0.0,0.0,1.0,2.0
772,Hungary,20220211,0.0,0.0,0.0,0.0,0.0,0.0,0.0,1.0,2.0
773,Hungary,20220212,0.0,0.0,0.0,0.0,0.0,0.0,0.0,1.0,2.0
774,Hungary,20220213,0.0,0.0,0.0,0.0,0.0,0.0,0.0,1.0,2.0
775,Hungary,20220214,0.0,0.0,0.0,0.0,0.0,0.0,0.0,1.0,2.0
776,Hungary,20220215,0.0,0.0,0.0,0.0,0.0,0.0,0.0,1.0,2.0
777,Hungary,20220216,0.0,0.0,0.0,0.0,0.0,0.0,0.0,1.0,2.0
778,Hungary,20220217,0.0,0.0,0.0,0.0,0.0,0.0,0.0,1.0,2.0
779,Hungary,20220218,0.0,0.0,0.0,0.0,0.0,0.0,0.0,1.0,2.0
780,Hungary,20220219,0.0,0.0,0.0,0.0,0.0,0.0,0.0,1.0,2.0
781,Hungary,20220220,0.0,0.0,0.0,0.0,0.0,0.0,0.0,1.0,2.0
782,Hungary,20220221,0.0,0.0,0.0,0.0,0.0,0.0,0.0,1.0,2.0
783,Hungary,20220222,0.0,0.0,0.0,0.0,0.0,0.0,0.0,1.0,2.0
784,Hungary,20220223,0.0,0.0,0.0,0.0,0.0,0.0,0.0,1.0,2.0
785,Hungary,20220224,0.0,0.0,0.0,0.0,0.0,0.0,0.0,1.0,2.0
786,Hungary,20220225,0.0,0.0,0.0,0.0,0.0,0.0,0.0,1.0,2.0
787,Hungary,20220226,0.0,0.0,0.0,0.0,0.0,0.0,0.0,1.0,2.0
788,Hungary,20220227,0.0,0.0,0.0,0.0,0.0,0.0,0.0,1.0,2.0
789,Hungary,20220228,0.0,0.0,0.0,0.0,0.0,0.0,0.0,1.0,2.0
790,Hungary,20220301,0.0,0.0,0.0,0.0,0.0,0.0,0.0,1.0,2.0
791,Hungary,20220302,0.0,0.0,0.0,0.0,0.0,0.0,0.0,1.0,2.0
792,Hungary,20220303,0.0,0.0,0.0,0.0,0.0,0.0,0.0,1.0,2.0
793,Hungary,20220304,0.0,0.0,0.0,0.0,0.0,0.0,0.0,1.0,2.0
794,Hungary,20220305,0.0,0.0,0.0,0.0,0.0,0.0,0.0,1.0,2.0
795,Hungary,20220306,0.0,0.0,0.0,0.0,0.0,0.0,0.0,1.0,2.0
796,Hungary,20220307,0.0,0.0,0.0,0.0,0.0,0.0,0.0,0.0,2.0
797,Hungary,20220308,0.0,0.0,0.0,0.0,0.0,0.0,0.0,0.0,2.0
798,Hungary,20220309,0.0,0.0,0.0,0.0,0.0,0.0,0.0,0.0,2.0
799,Hungary,20220310,0.0,0.0,0.0,0.0,0.0,0.0,0.0,0.0,2.0
800,Hungary,20220311,0.0,0.0,0.0,0.0,0.0,0.0,0.0,0.0,2.0
801,Hungary,20220312,0.0,0.0,0.0,0.0,0.0,0.0,0.0,0.0,2.0
802,Hungary,20220313,0.0,0.0,0.0,0.0,0.0,0.0,0.0,0.0,2.0
803,Hungary,20220314,0.0,0.0,0.0,0.0,0.0,0.0,0.0,0.0,2.0
804,Hungary,20220315,0.0,0.0,0.0,0.0,0.0,0.0,0.0,0.0,2.0
805,Hungary,20220316,0.0,0.0,0.0,0.0,0.0,0.0,0.0,0.0,2.0
806,Hungary,20220317,0.0,0.0,0.0,0.0,0.0,0.0,0.0,0.0,2.0
807,Hungary,20220318,0.0,0.0,0.0,0.0,0.0,0.0,0.0,0.0,2.0
808,Hungary,20220319,0.0,0.0,0.0,0.0,0.0,0.0,0.0,0.0,2.0
809,Hungary,20220320,0.0,0.0,0.0,0.0,0.0,0.0,0.0,0.0,2.0
810,Hungary,20220321,0.0,0.0,0.0,0.0,0.0,0.0,0.0,0.0,2.0
811,Hungary,20220322,0.0,0.0,0.0,0.0,0.0,0.0,0.0,0.0,2.0
812,Hungary,20220323,0.0,0.0,0.0,0.0,0.0,0.0,0.0,0.0,2.0
813,Hungary,20220324,0.0,0.0,0.0,0.0,0.0,0.0,0.0,0.0,2.0
814,Hungary,20220325,0.0,0.0,0.0,0.0,0.0,0.0,0.0,0.0,2.0
815,Hungary,20220326,0.0,0.0,0.0,0.0,0.0,0.0,0.0,0.0,2.0
816,Hungary,20220327,0.0,0.0,0.0,0.0,0.0,0.0,0.0,0.0,2.0
817,Hungary,20220328,0.0,0.0,0.0,0.0,0.0,0.0,0.0,0.0,2.0
818,Hungary,20220329,0.0,0.0,0.0,0.0,0.0,0.0,0.0,0.0,2.0
819,Hungary,20220330,0.0,0.0,0.0,0.0,0.0,0.0,0.0,0.0,2.0
820,Hungary,20220331,0.0,0.0,0.0,0.0,0.0,0.0,0.0,0.0,2.0
821,Hungary,20220401,0.0,0.0,0.0,0.0,0.0,0.0,0.0,0.0,2.0
822,Hungary,20220402,0.0,0.0,0.0,0.0,0.0,0.0,0.0,0.0,2.0
823,Hungary,20220403,0.0,0.0,0.0,0.0,0.0,0.0,0.0,0.0,2.0
824,Hungary,20220404,0.0,0.0,0.0,0.0,0.0,0.0,0.0,0.0,2.0
825,Hungary,20220405,0.0,0.0,0.0,0.0,0.0,0.0,0.0,0.0,2.0
826,Hungary,20220406,0.0,0.0,0.0,0.0,0.0,0.0,0.0,0.0,2.0
827,Hungary,20220407,0.0,0.0,0.0,0.0,0.0,0.0,0.0,0.0,2.0
828,Hungary,20220408,0.0,0.0,0.0,0.0,0.0,0.0,0.0,0.0,2.0
829,Hungary,20220409,0.0,0.0,0.0,0.0,0.0,0.0,0.0,0.0,2.0
830,Hungary,20220410,0.0,0.0,0.0,0.0,0.0,0.0,0.0,0.0,2.0
831,Hungary,20220411,0.0,0.0,0.0,0.0,0.0,0.0,0.0,0.0,2.0
832,Hungary,20220412,0.0,0.0,0.0,0.0,0.0,0.0,0.0,0.0,2.0
833,Hungary,20220413,0.0,0.0,0.0,0.0,0.0,0.0,0.0,0.0,2.0
834,Hungary,20220414,0.0,0.0,0.0,0.0,0.0,0.0,0.0,0.0,2.0
835,Hungary,20220415,0.0,0.0,0.0,0.0,0.0,0.0,0.0,0.0,2.0
836,Hungary,20220416,0.0,0.0,0.0,0.0,0.0,0.0,0.0,0.0,2.0
837,Hungary,20220417,0.0,0.0,0.0,0.0,0.0,0.0,0.0,0.0,2.0
838,Hungary,20220418,0.0,0.0,0.0,0.0,0.0,0.0,0.0,0.0,2.0
839,Hungary,20220419,0.0,0.0,0.0,0.0,0.0,0.0,0.0,0.0,2.0
840,Hungary,20220420,0.0,0.0,0.0,0.0,0.0,0.0,0.0,0.0,2.0
841,Hungary,20220421,0.0,0.0,0.0,0.0,0.0,0.0,0.0,0.0,2.0
842,Hungary,20220422,0.0,0.0,0.0,0.0,0.0,0.0,0.0,0.0,2.0
843,Hungary,20220423,0.0,0.0,0.0,0.0,0.0,0.0,0.0,0.0,2.0
844,Hungary,20220424,0.0,0.0,0.0,0.0,0.0,0.0,0.0,0.0,2.0
845,Hungary,20220425,0.0,0.0,0.0,0.0,0.0,0.0,0.0,0.0,2.0
846,Hungary,20220426,0.0,0.0,0.0,0.0,0.0,0.0,0.0,0.0,2.0
847,Hungary,20220427,0.0,0.0,0.0,0.0,0.0,0.0,0.0,0.0,2.0
848,Hungary,20220428,0.0,0.0,0.0,0.0,0.0,0.0,0.0,0.0,2.0
849,Hungary,20220429,0.0,0.0,0.0,0.0,0.0,0.0,0.0,0.0,2.0
850,Hungary,20220430,0.0,0.0,0.0,0.0,0.0,0.0,0.0,0.0,2.0
851,Hungary,20220501,0.0,0.0,0.0,0.0,0.0,0.0,0.0,0.0,2.0
852,Hungary,20220502,0.0,0.0,0.0,0.0,0.0,0.0,0.0,0.0,2.0
853,Hungary,20220503,0.0,0.0,0.0,0.0,0.0,0.0,0.0,0.0,2.0
854,Hungary,20220504,0.0,0.0,0.0,0.0,0.0,0.0,0.0,0.0,2.0
855,Hungary,20220505,0.0,0.0,0.0,0.0,0.0,0.0,0.0,0.0,2.0
856,Hungary,20220506,0.0,0.0,0.0,0.0,0.0,0.0,0.0,0.0,2.0
857,Hungary,20220507,0.0,0.0,0.0,0.0,0.0,0.0,0.0,0.0,2.0
858,Hungary,20220508,0.0,0.0,0.0,0.0,0.0,0.0,0.0,0.0,2.0
859,Hungary,20220509,0.0,0.0,0.0,0.0,0.0,0.0,0.0,0.0,2.0
860,Hungary,20220510,0.0,0.0,0.0,0.0,0.0,0.0,0.0,0.0,2.0
861,Hungary,20220511,0.0,0.0,0.0,0.0,0.0,0.0,0.0,0.0,2.0
862,Hungary,20220512,0.0,0.0,0.0,0.0,0.0,0.0,0.0,0.0,2.0
863,Hungary,20220513,0.0,0.0,0.0,0.0,0.0,0.0,0.0,0.0,2.0
864,Hungary,20220514,0.0,0.0,0.0,0.0,0.0,0.0,0.0,0.0,2.0
865,Hungary,20220515,0.0,0.0,0.0,0.0,0.0,0.0,0.0,0.0,2.0
866,Hungary,20220516,0.0,0.0,0.0,0.0,0.0,0.0,0.0,0.0,2.0
867,Hungary,20220517,0.0,0.0,0.0,0.0,0.0,0.0,0.0,0.0,2.0
868,Hungary,20220518,0.0,0.0,0.0,0.0,0.0,0.0,0.0,0.0,2.0
869,Hungary,20220519,0.0,0.0,0.0,0.0,0.0,0.0,0.0,0.0,2.0
870,Hungary,20220520,0.0,0.0,0.0,0.0,0.0,0.0,0.0,0.0,2.0
871,Hungary,20220521,0.0,0.0,0.0,0.0,0.0,0.0,0.0,0.0,2.0
872,Hungary,20220522,0.0,0.0,0.0,0.0,0.0,0.0,0.0,0.0,2.0
873,Hungary,20220523,0.0,0.0,0.0,0.0,0.0,0.0,0.0,0.0,2.0
874,Hungary,20220524,0.0,0.0,0.0,0.0,0.0,0.0,0.0,0.0,2.0
875,Hungary,20220525,0.0,0.0,0.0,0.0,0.0,0.0,0.0,0.0,2.0
876,Hungary,20220526,0.0,0.0,0.0,0.0,0.0,0.0,0.0,0.0,2.0
877,Hungary,20220527,0.0,0.0,0.0,0.0,0.0,0.0,0.0,0.0,2.0
878,Hungary,20220528,0.0,0.0,0.0,0.0,0.0,0.0,0.0,0.0,2.0
879,Hungary,20220529,0.0,0.0,0.0,0.0,0.0,0.0,0.0,0.0,2.0
880,Hungary,20220530,0.0,0.0,0.0,0.0,0.0,0.0,0.0,0.0,2.0
881,Hungary,20220531,0.0,0.0,0.0,0.0,0.0,0.0,0.0,0.0,2.0
882,Hungary,20220601,0.0,0.0,0.0,0.0,0.0,0.0,0.0,0.0,2.0
883,Hungary,20220602,0.0,0.0,0.0,0.0,0.0,0.0,0.0,0.0,2.0
884,Hungary,20220603,0.0,0.0,0.0,0.0,0.0,0.0,0.0,0.0,2.0
885,Hungary,20220604,0.0,0.0,0.0,0.0,0.0,0.0,0.0,0.0,2.0
886,Hungary,20220605,0.0,0.0,0.0,0.0,0.0,0.0,0.0,0.0,2.0
887,Hungary,20220606,0.0,0.0,0.0,0.0,0.0,0.0,0.0,0.0,2.0
888,Hungary,20220607,0.0,0.0,0.0,0.0,0.0,0.0,0.0,0.0,2.0
889,Hungary,20220608,0.0,0.0,0.0,0.0,0.0,0.0,0.0,0.0,2.0
890,Hungary,20220609,0.0,0.0,0.0,0.0,0.0,0.0,0.0,0.0,2.0
891,Hungary,20220610,0.0,0.0,0.0,0.0,0.0,0.0,0.0,0.0,2.0
892,Hungary,20220611,0.0,0.0,0.0,0.0,0.0,0.0,0.0,0.0,2.0
893,Hungary,20220612,0.0,0.0,0.0,0.0,0.0,0.0,0.0,0.0,2.0
894,Hungary,20220613,0.0,0.0,0.0,0.0,0.0,0.0,0.0,0.0,2.0
895,Hungary,20220614,0.0,0.0,0.0,0.0,0.0,0.0,0.0,0.0,2.0
896,Hungary,20220615,0.0,0.0,0.0,0.0,0.0,0.0,0.0,0.0,2.0
897,Hungary,20220616,0.0,0.0,0.0,0.0,0.0,0.0,0.0,0.0,2.0
898,Hungary,20220617,0.0,0.0,0.0,0.0,0.0,0.0,0.0,0.0,2.0
899,Hungary,20220618,0.0,0.0,0.0,0.0,0.0,0.0,0.0,0.0,2.0
900,Hungary,20220619,0.0,0.0,0.0,0.0,0.0,0.0,0.0,0.0,2.0
901,Hungary,20220620,0.0,0.0,0.0,0.0,0.0,0.0,0.0,0.0,2.0
902,Hungary,20220621,0.0,0.0,0.0,0.0,0.0,0.0,0.0,0.0,2.0
903,Hungary,20220622,0.0,0.0,0.0,0.0,0.0,0.0,0.0,0.0,2.0
904,Hungary,20220623,0.0,0.0,0.0,0.0,0.0,0.0,0.0,0.0,2.0
905,Hungary,20220624,0.0,0.0,0.0,0.0,0.0,0.0,0.0,0.0,2.0
906,Hungary,20220625,0.0,0.0,0.0,0.0,0.0,0.0,0.0,0.0,2.0
907,Hungary,20220626,0.0,0.0,0.0,0.0,0.0,0.0,0.0,0.0,2.0
908,Hungary,20220627,0.0,0.0,0.0,0.0,0.0,0.0,0.0,0.0,2.0
909,Hungary,20220628,0.0,0.0,0.0,0.0,0.0,0.0,0.0,0.0,0.0
910,Hungary,20220629,0.0,0.0,0.0,0.0,0.0,0.0,0.0,0.0,0.0
911,Hungary,20220630,0.0,0.0,0.0,0.0,0.0,0.0,0.0,0.0,0.0
912,Hungary,20220701,0.0,0.0,0.0,0.0,0.0,0.0,0.0,0.0,0.0
913,Hungary,20220702,0.0,0.0,0.0,0.0,0.0,0.0,0.0,0.0,0.0
914,Hungary,20220703,0.0,0.0,0.0,0.0,0.0,0.0,0.0,0.0,0.0
915,Hungary,20220704,0.0,0.0,0.0,0.0,0.0,0.0,0.0,0.0,0.0
916,Hungary,20220705,0.0,0.0,0.0,0.0,0.0,0.0,0.0,0.0,0.0
917,Hungary,20220706,0.0,0.0,0.0,0.0,0.0,0.0,0.0,0.0,0.0
918,Hungary,20220707,0.0,0.0,0.0,0.0,0.0,0.0,0.0,0.0,0.0
919,Hungary,20220708,0.0,0.0,0.0,0.0,0.0,0.0,0.0,0.0,0.0
920,Hungary,20220709,0.0,0.0,0.0,0.0,0.0,0.0,0.0,0.0,0.0
921,Hungary,20220710,0.0,0.0,0.0,0.0,0.0,0.0,0.0,0.0,0.0
922,Hungary,20220711,0.0,0.0,0.0,0.0,0.0,0.0,0.0,0.0,0.0
923,Hungary,20220712,0.0,0.0,0.0,0.0,0.0,0.0,0.0,0.0,0.0
924,Hungary,20220713,0.0,0.0,0.0,0.0,0.0,0.0,0.0,0.0,0.0
925,Hungary,20220714,0.0,0.0,0.0,0.0,0.0,0.0,0.0,0.0,0.0
926,Hungary,20220715,0.0,0.0,0.0,0.0,0.0,0.0,0.0,0.0,0.0
927,Hungary,20220716,0.0,0.0,0.0,0.0,0.0,0.0,0.0,0.0,0.0
928,Hungary,20220717,0.0,0.0,0.0,0.0,0.0,0.0,0.0,0.0,0.0
929,Hungary,20220718,0.0,0.0,0.0,0.0,0.0,0.0,0.0,0.0,0.0
930,Hungary,20220719,0.0,0.0,0.0,0.0,0.0,0.0,0.0,0.0,0.0
931,Hungary,20220720,0.0,0.0,0.0,0.0,0.0,0.0,0.0,0.0,0.0
932,Hungary,20220721,0.0,0.0,0.0,0.0,0.0,0.0,0.0,0.0,0.0
933,Hungary,20220722,0.0,0.0,0.0,0.0,0.0,0.0,0.0,0.0,0.0
934,Hungary,20220723,0.0,0.0,0.0,0.0,0.0,0.0,0.0,0.0,0.0
935,Hungary,20220724,0.0,0.0,0.0,0.0,0.0,0.0,0.0,0.0,0.0
936,Hungary,20220725,0.0,0.0,0.0,0.0,0.0,0.0,0.0,0.0,0.0
937,Hungary,20220726,0.0,0.0,0.0,0.0,0.0,0.0,0.0,0.0,0.0
938,Hungary,20220727,0.0,0.0,0.0,0.0,0.0,0.0,0.0,0.0,0.0
939,Hungary,20220728,0.0,0.0,0.0,0.0,0.0,0.0,0.0,0.0,0.0
940,Hungary,20220729,0.0,0.0,0.0,0.0,0.0,0.0,0.0,0.0,0.0
941,Hungary,20220730,0.0,0.0,0.0,0.0,0.0,0.0,0.0,0.0,0.0
942,Hungary,20220731,0.0,0.0,0.0,0.0,0.0,0.0,0.0,0.0,0.0
943,Hungary,20220801,0.0,0.0,0.0,0.0,0.0,0.0,0.0,0.0,0.0
944,Hungary,20220802,0.0,0.0,0.0,0.0,0.0,0.0,0.0,0.0,0.0
945,Hungary,20220803,0.0,0.0,0.0,0.0,0.0,0.0,0.0,0.0,0.0
946,Hungary,20220804,0.0,0.0,0.0,0.0,0.0,0.0,0.0,0.0,0.0
947,Hungary,20220805,0.0,0.0,0.0,0.0,0.0,0.0,0.0,0.0,0.0
948,Hungary,20220806,0.0,0.0,0.0,0.0,0.0,0.0,0.0,0.0,0.0
949,Hungary,20220807,0.0,0.0,0.0,0.0,0.0,0.0,0.0,0.0,0.0
950,Hungary,20220808,0.0,0.0,0.0,0.0,0.0,0.0,0.0,0.0,0.0
951,Hungary,20220809,0.0,0.0,0.0,0.0,0.0,0.0,0.0,0.0,0.0
952,Hungary,20220810,0.0,0.0,0.0,0.0,0.0,0.0,0.0,0.0,0.0
953,Hungary,20220811,0.0,0.0,0.0,0.0,0.0,0.0,0.0,0.0,0.0
954,Hungary,20220812,0.0,0.0,0.0,0.0,0.0,0.0,0.0,0.0,0.0
955,Hungary,20220813,0.0,0.0,0.0,0.0,0.0,0.0,0.0,0.0,1.0
956,Hungary,20220814,0.0,0.0,0.0,0.0,0.0,0.0,0.0,0.0,1.0
957,Hungary,20220815,0.0,0.0,0.0,0.0,0.0,0.0,0.0,0.0,1.0
958,Hungary,20220816,0.0,0.0,0.0,0.0,0.0,0.0,0.0,0.0,1.0
959,Hungary,20220817,0.0,0.0,0.0,0.0,0.0,0.0,0.0,0.0,1.0
960,Hungary,20220818,0.0,0.0,0.0,0.0,0.0,0.0,0.0,0.0,1.0
961,Hungary,20220819,0.0,0.0,0.0,0.0,0.0,0.0,0.0,0.0,1.0
962,Hungary,20220820,0.0,0.0,0.0,0.0,0.0,0.0,0.0,0.0,1.0
963,Hungary,20220821,0.0,0.0,0.0,0.0,0.0,0.0,0.0,0.0,1.0
964,Hungary,20220822,0.0,0.0,0.0,0.0,0.0,0.0,0.0,0.0,1.0
965,Hungary,20220823,0.0,0.0,0.0,0.0,0.0,0.0,0.0,0.0,1.0
966,Hungary,20220824,0.0,0.0,0.0,0.0,0.0,0.0,0.0,0.0,1.0
967,Hungary,20220825,0.0,0.0,0.0,0.0,0.0,0.0,0.0,0.0,1.0
968,Hungary,20220826,0.0,0.0,0.0,0.0,0.0,0.0,0.0,0.0,1.0
969,Hungary,20220827,0.0,0.0,0.0,0.0,0.0,0.0,0.0,0.0,1.0
970,Hungary,20220828,0.0,0.0,0.0,0.0,0.0,0.0,0.0,0.0,1.0
971,Hungary,20220829,0.0,0.0,0.0,0.0,0.0,0.0,0.0,0.0,1.0
972,Hungary,20220830,0.0,0.0,0.0,0.0,0.0,0.0,0.0,0.0,1.0
973,Hungary,20220831,0.0,0.0,0.0,0.0,0.0,0.0,0.0,0.0,1.0
974,Hungary,20220901,0.0,0.0,0.0,0.0,0.0,0.0,0.0,0.0,1.0
975,Hungary,20220902,0.0,0.0,0.0,0.0,0.0,0.0,0.0,0.0,1.0
976,Hungary,20220903,0.0,0.0,0.0,0.0,0.0,0.0,0.0,0.0,1.0
977,Hungary,20220904,0.0,0.0,0.0,0.0,0.0,0.0,0.0,0.0,1.0
978,Hungary,20220905,0.0,0.0,0.0,0.0,0.0,0.0,0.0,0.0,1.0
979,Hungary,20220906,0.0,0.0,0.0,0.0,0.0,0.0,0.0,0.0,1.0
980,Hungary,20220907,0.0,0.0,0.0,0.0,0.0,0.0,0.0,0.0,1.0
981,Hungary,20220908,0.0,0.0,0.0,0.0,0.0,0.0,0.0,0.0,1.0
982,Hungary,20220909,0.0,0.0,0.0,0.0,0.0,0.0,0.0,0.0,1.0
983,Hungary,20220910,0.0,0.0,0.0,0.0,0.0,0.0,0.0,0.0,1.0
984,Hungary,20220911,0.0,0.0,0.0,0.0,0.0,0.0,0.0,0.0,1.0
985,Hungary,20220912,0.0,0.0,0.0,0.0,0.0,0.0,0.0,0.0,1.0
986,Hungary,20220913,0.0,0.0,0.0,0.0,0.0,0.0,0.0,0.0,1.0
987,Hungary,20220914,0.0,0.0,0.0,0.0,0.0,0.0,0.0,0.0,1.0
988,Hungary,20220915,0.0,0.0,0.0,0.0,0.0,0.0,0.0,0.0,1.0
989,Hungary,20220916,0.0,0.0,0.0,0.0,0.0,0.0,0.0,0.0,1.0
990,Hungary,20220917,0.0,0.0,0.0,0.0,0.0,0.0,0.0,0.0,1.0
991,Hungary,20220918,0.0,0.0,0.0,0.0,0.0,0.0,0.0,0.0,1.0
992,Hungary,20220919,0.0,0.0,0.0,0.0,0.0,0.0,0.0,0.0,1.0
993,Hungary,20220920,0.0,0.0,0.0,0.0,0.0,0.0,0.0,0.0,1.0
994,Hungary,20220921,0.0,0.0,0.0,0.0,0.0,0.0,0.0,0.0,1.0
995,Hungary,20220922,0.0,0.0,0.0,0.0,0.0,0.0,0.0,0.0,1.0
996,Hungary,20220923,0.0,0.0,0.0,0.0,0.0,0.0,0.0,0.0,1.0
997,Hungary,20220924,0.0,0.0,0.0,0.0,0.0,0.0,0.0,0.0,1.0
998,Hungary,20220925,0.0,0.0,0.0,0.0,0.0,0.0,0.0,0.0,1.0
999,Hungary,20220926,0.0,0.0,0.0,0.0,0.0,0.0,0.0,0.0,1.0
1000,Hungary,20220927,0.0,0.0,0.0,0.0,0.0,0.0,0.0,0.0,1.0
1001,Hungary,20220928,0.0,0.0,0.0,0.0,0.0,0.0,0.0,0.0,1.0
1002,Hungary,20220929,0.0,0.0,0.0,0.0,0.0,0.0,0.0,0.0,1.0
1003,Hungary,20220930,0.0,0.0,0.0,0.0,0.0,0.0,0.0,0.0,1.0
1004,Hungary,20221001,0.0,0.0,0.0,0.0,0.0,0.0,0.0,0.0,1.0
1005,Hungary,20221002,0.0,0.0,0.0,0.0,0.0,0.0,0.0,0.0,1.0
1006,Hungary,20221003,0.0,0.0,0.0,0.0,0.0,0.0,0.0,0.0,1.0
1007,Hungary,20221004,0.0,0.0,0.0,0.0,0.0,0.0,0.0,0.0,1.0
1008,Hungary,20221005,0.0,0.0,0.0,0.0,0.0,0.0,0.0,0.0,1.0
1009,Hungary,20221006,0.0,0.0,0.0,0.0,0.0,0.0,0.0,0.0,1.0
1010,Hungary,20221007,0.0,0.0,0.0,0.0,0.0,0.0,0.0,0.0,1.0
1011,Hungary,20221008,0.0,0.0,0.0,0.0,0.0,0.0,0.0,0.0,1.0
1012,Hungary,20221009,0.0,0.0,0.0,0.0,0.0,0.0,0.0,0.0,1.0
1013,Hungary,20221010,0.0,0.0,0.0,0.0,0.0,0.0,0.0,0.0,1.0
1014,Hungary,20221011,0.0,0.0,0.0,0.0,0.0,0.0,0.0,0.0,1.0
1015,Hungary,20221012,0.0,0.0,0.0,0.0,0.0,0.0,0.0,0.0,1.0
1016,Hungary,20221013,0.0,0.0,0.0,0.0,0.0,0.0,0.0,0.0,1.0
1017,Hungary,20221014,0.0,0.0,0.0,0.0,0.0,0.0,0.0,0.0,1.0
1018,Hungary,20221015,0.0,0.0,0.0,0.0,0.0,0.0,0.0,0.0,1.0
1019,Hungary,20221016,0.0,0.0,0.0,0.0,0.0,0.0,0.0,0.0,1.0
1020,Hungary,20221017,0.0,0.0,0.0,0.0,0.0,0.0,0.0,0.0,1.0
1021,Hungary,20221018,0.0,0.0,0.0,0.0,0.0,0.0,0.0,0.0,1.0
1022,Hungary,20221019,0.0,0.0,0.0,0.0,0.0,0.0,0.0,0.0,1.0
1023,Hungary,20221020,0.0,0.0,0.0,0.0,0.0,0.0,0.0,0.0,1.0
1024,Hungary,20221021,0.0,0.0,0.0,0.0,0.0,0.0,0.0,0.0,1.0
1025,Hungary,20221022,0.0,0.0,0.0,0.0,0.0,0.0,0.0,0.0,1.0
1026,Hungary,20221023,0.0,0.0,0.0,0.0,0.0,0.0,0.0,0.0,1.0
1027,Hungary,20221024,0.0,0.0,0.0,0.0,0.0,0.0,0.0,0.0,1.0
1028,Hungary,20221025,0.0,0.0,0.0,0.0,0.0,0.0,0.0,0.0,1.0
1029,Hungary,20221026,0.0,0.0,0.0,0.0,0.0,0.0,0.0,0.0,1.0
1030,Hungary,20221027,0.0,0.0,0.0,0.0,0.0,0.0,0.0,0.0,1.0
1031,Hungary,20221028,0.0,0.0,0.0,0.0,0.0,0.0,0.0,0.0,1.0
1032,Hungary,20221029,0.0,0.0,0.0,0.0,0.0,0.0,0.0,0.0,1.0
1033,Hungary,20221030,0.0,0.0,0.0,0.0,0.0,0.0,0.0,0.0,1.0
1034,Hungary,20221031,0.0,0.0,0.0,0.0,0.0,0.0,0.0,0.0,1.0
1035,Hungary,20221101,0.0,0.0,0.0,0.0,0.0,0.0,0.0,0.0,1.0
1036,Hungary,20221102,0.0,0.0,0.0,0.0,0.0,0.0,0.0,0.0,1.0
1037,Hungary,20221103,0.0,0.0,0.0,0.0,0.0,0.0,0.0,0.0,1.0
1038,Hungary,20221104,0.0,0.0,0.0,0.0,0.0,0.0,0.0,0.0,1.0
1039,Hungary,20221105,0.0,0.0,0.0,0.0,0.0,0.0,0.0,0.0,1.0
1040,Hungary,20221106,0.0,0.0,0.0,0.0,0.0,0.0,0.0,0.0,1.0
1041,Hungary,20221107,0.0,0.0,0.0,0.0,0.0,0.0,0.0,0.0,1.0
1042,Hungary,20221108,,,,,,,,,
1043,Hungary,20221109,,,,,,,,,
1044,Hungary,20221110,,,,,,,,,
1045,Hungary,20221111,,,,,,,,,
1046,Hungary,20221112,,,,,,,,,
1047,Hungary,20221113,,,,,,,,,
1048,Hungary,20221114,,,,,,,,,
1049,Hungary,20221115,,,,,,,,,
1050,Hungary,20221116,,,,,,,,,
1051,Hungary,20221117,,,,,,,,,
