epoch;date;all_contact;all_contact_var;capital_cont;capital_cont_var;central_hun_cont;central_hun_cont_var;rural_hun_cont;rural_hun_cont_var
1577833200;2020-01-01;23.622173154140384;65905.06523249691;25.400457972473447;25494.411299173087;24.88514820336163;39895.7585221857;23.069384012666536;77323.06479844874
1585004399;2020-03-23;4.664271546589455;60.27547837614698;4.210996736602243;78.4891505406763;4.360849121199773;85.67670165064288;4.78678197317578;49.99759659936229
1585090799;2020-03-24;3.8839542079251337;42.38011040025299;2.2656788110676795;5.721615855426799;3.96395701823383;61.81781439055502;3.849028210220803;33.88903233721692
1585177199;2020-03-25;2.872346014645415;14.062907609402682;2.1239811659206795;5.38574648752065;2.3828065975477313;4.799800406512564;3.21145946810084;20.26661804278736
1585263599;2020-03-26;2.292381688098318;7.314910483831758;2.240590922015574;6.972552853474118;2.166434895172309;8.039630248474992;2.3773960439028743;6.827641047277215
1585349999;2020-03-27;3.012881057406946;31.49882243196135;2.9872782421845954;76.84783676438295;2.6046447554372203;48.257966304157485;3.323886540452378;18.5642958815084
1585436399;2020-03-28;2.260084115433807;45.56802526760325;1.6920541800428226;2.8283284397485167;1.626958969371944;2.4613360147738232;2.6641625980845856;72.65968037088997
1585522799;2020-03-30;2.050313873742381;3.6766744082577576;1.7472444920117531;2.4896743335383094;1.9347606892013873;3.875833515172878;2.1165337779160485;3.557242745946643
1585609199;2020-03-31;3.5819465243997346;30.530951697595746;2.9641400584354356;18.07883982147789;3.168378041016814;16.626600974570508;3.8172151031231767;38.32466704095783
1585695599;2020-04-01;2.933843917462219;14.011881558536428;2.487764019580064;10.155858341735538;2.6519647310256667;10.389267657472141;3.1292168785722914;16.494509272585784
1585781999;2020-04-02;3.3514507762781807;24.98024980763171;3.5042356561473684;61.920546066056176;3.3945700802730427;39.1299370091249;3.33649442227165;20.067946435166032
1585868399;2020-04-03;3.216092721350269;32.904902227392625;2.5531675824678035;11.823676828861725;3.1284681285442577;22.597662113022498;3.2550487247672053;37.48073295992482
1585954799;2020-04-04;3.4836465258126688;59.43959159969202;2.938801190192351;27.499016234801584;2.709012430620219;17.129434310177157;3.848453167375371;78.8967612030924
1586041199;2020-04-05;4.189555827485881;75.13083250288054;3.181827425960507;33.16640436707843;2.841219127145123;21.250119970681705;4.789966632259871;98.16562582828512
1586127599;2020-04-06;2.8057387796182973;85.6337605775668;2.3727283334436295;8.533055264245471;2.2857749513953904;7.000611550432919;3.031127430380142;119.54559517524699
1586213999;2020-04-07;2.942918133853692;11.536474275101801;2.5583816686600582;8.647481504130555;2.5768922809633894;7.485351501417414;3.2794443758420364;15.20193661172087
1586300399;2020-04-08;3.606910215874415;37.58742686879168;3.091459298564109;41.444220874485765;2.9860157877611577;29.686696223755312;3.9458224066883103;41.63813155845185
1586386799;2020-04-09;4.408112645872182;354.9911414336818;2.825440062364305;1683.7326035933802;3.47634755647814;849.786691897528;4.94526151166052;72.76852787027357
1586473199;2020-04-10;5.540784242445156;107.19379306488892;5.245509448007785;104.92691135842779;5.0840885161332245;95.28239614998628;5.864792343593075;115.50833766834918
1586559599;2020-04-11;3.1254597216231623;33.629224185105436;1.8318169786519185;2.812679849079581;1.86373969122823;4.753000969632288;4.083189571457934;54.0032192932627
1586645999;2020-04-12;4.725157077817328;60.789653820412966;4.08984448274205;71.67631781356656;3.573595427228828;43.13103407060708;5.062290040797282;65.52717844730941
1586732399;2020-04-13;3.165599137303204;16.631087235927684;2.5855379638630827;21.698808619196782;2.4180255546846308;12.519982232168896;3.690033813052525;19.315629200321894
1586818799;2020-04-14;3.161012146935239;15.760982737943605;2.3683998857965944;4.736507214812944;2.6164537382035835;6.546781755610526;3.368972903224358;19.104134570834315
1586905199;2020-04-15;5.082705686830747;77.5668160029273;3.2720796766491183;12.934099885548148;4.00245184953287;45.609242192542816;5.613046988986262;92.34557228484606
1586991599;2020-04-16;5.074585121746861;62.6326424570221;3.7961522223856665;41.11711706421732;4.624927315739286;79.2766320786659;5.29150789977888;54.43024374895679
1587077999;2020-04-17;5.013676275926511;120.01820562005803;3.7126023395287016;27.47483800487375;3.504158477115224;36.1112951019575;5.872701463107352;165.07780675100003
1587164399;2020-04-18;6.3400990472167305;147.7395706406907;5.362409511933627;64.42459587387812;5.411894149682849;81.25088326929195;6.845014087115687;183.30947910647743
1587250799;2020-04-19;3.811663074118977;49.2170460760875;4.960128917555455;89.18065640117547;4.300733229059641;56.75917154081532;3.5572179842633425;45.16543102613766
1587337199;2020-04-20;3.052424975561893;68.53950347660107;2.3760035435921973;6.82779411560517;2.622507084133914;6.249132797006643;3.3139161038388734;106.0952336047723
1587423599;2020-04-21;4.4337056217738855;74.08811885820211;3.3205368985977075;25.59763649553816;3.8388715317097093;38.88973208190154;4.75932842467219;92.83476349808053
1587509999;2020-04-22;5.243111340406424;108.89319429951725;4.423607336164635;44.30229270804915;5.479015328395866;77.40757917186139;5.141479059988624;122.40550636342789
1587596399;2020-04-23;6.0856676745741884;76.4722460345362;4.583504826439942;69.77224184859027;5.584397736674783;83.41556609764656;6.305509600308751;73.28295387850243
1587682799;2020-04-24;6.393723555338622;124.23418714983815;4.4871479854724035;144.2192553771713;5.423488974918137;171.24011942438196;6.806937191833437;104.05306018153479
1587769199;2020-04-25;4.921161963259139;46.91388915827492;4.282397095496955;35.233032743582584;4.900407188195856;34.992752672793486;4.928211910626765;50.96101519142479
1587855599;2020-04-26;5.17574340521281;101.5789202211494;4.5750949392683395;62.06966221502444;4.899032747806038;45.57454972419828;5.300863680059533;126.79364369776624
1587941999;2020-04-27;4.272966444438384;53.31121416429159;2.6435155585605323;6.7859757823257185;3.6203722180070286;15.620739411094412;4.562465224396754;69.46931283032727
1588028399;2020-04-28;5.781863690771267;174.04974818735147;4.2174707803528255;48.414082116696974;5.5299151771565045;90.05945022749073;5.894539909894815;211.5590318301814
1588114799;2020-04-29;5.2206107074434245;84.14909841496281;4.68428171029037;40.44777547766792;4.458177000712512;35.29937513069007;5.701534292941082;114.42793985884977
1588201199;2020-04-30;4.928795625841532;71.2337569726808;3.821488741202967;98.70750831511155;3.906654710751232;62.12145024775634;5.496896117018457;75.53265057856254
1588287599;2020-05-01;5.318865181787351;69.61373695699095;4.163693534388576;42.90457570411592;4.464910455449784;41.03164948112155;5.922942330017638;89.02108629723656
1588373999;2020-05-02;3.0815802917517523;25.450620594090772;1.9592426355392933;6.088194612790469;1.8068626242847319;4.870473676355161;3.7645619128696683;35.3715873412811
1588460399;2020-05-03;3.6316196982241733;190.8571664492182;4.257791834807438;207.34027365144672;3.696530143009696;116.87399380662497;3.594014584504697;233.73899885503965
1588546799;2020-05-04;3.569194537613035;21.242663220364534;3.692645602488144;37.76545327514756;3.5432030777044576;28.06334817401962;3.5909606568092505;15.535095651422896
1588633199;2020-05-05;5.031801182643489;132.2222106078987;4.430858409524959;202.48717639117356;4.478418540911752;131.73264337590237;5.332536883177277;131.99623447193304
1588719599;2020-05-06;6.287366647423643;208.1769606616513;7.3704985506311615;327.1828235813038;5.989963112408407;190.6514218782671;6.495129007236955;220.10228014017324
1588805999;2020-05-07;5.061609830198943;121.25917904961624;3.8575787313458227;18.799946201032636;3.9154042561380655;22.653883415293926;5.77188883892534;180.18514824441053
1588892399;2020-05-08;6.140495057398149;156.38197677919734;3.296315523943732;26.453593371982528;3.9520317588137464;26.269078044715325;7.860527646122744;249.41161970261115
1588978799;2020-05-09;4.964602328791617;129.40324981383233;2.612712828007316;17.791671459158326;4.430239350881524;67.28216482200948;5.266052893328137;163.68423393600426
1589065199;2020-05-10;3.8477053024827357;306.4616932660535;2.9400759036873705;33.03002193739405;3.46738632322766;28.571132091040322;4.080826447715815;475.7089069169016
1589151599;2020-05-11;4.8603655549648845;56.24349942966086;4.018014826713282;44.14827200414726;4.241959124163465;44.50298308404844;5.298665941431538;64.19085496638922
1589237999;2020-05-12;6.297145124059035;80.18793315225084;3.9586859381017736;26.758735437322944;4.667709976773276;35.573022375184124;7.0261734187733005;98.17796403275938
1589324399;2020-05-13;4.832193227715333;65.46074694485472;3.383309163752823;35.465081422227286;3.7525378137422605;31.603915906348863;5.4375075937558455;83.07883249119863
1589410799;2020-05-14;7.461281447756421;231.0076818213806;3.6881336591883054;35.19944850034473;9.029553378426185;408.502099006287;6.504800482458266;120.5650085986587
1589497199;2020-05-15;8.488164973964968;339.68473652581895;4.049525004477708;46.60850190834245;3.746354898540364;32.79860069716363;10.937263027951815;477.90661706147415
1589583599;2020-05-16;6.378396270861074;110.80274973955594;5.324450773612759;78.83743757332532;6.184860987808157;87.37584883900666;6.49886145166998;125.24249896502675
1589669999;2020-05-17;4.1972103412095825;58.00335057818966;3.932748714869154;105.7194150321194;3.9106306398992374;76.22892730122624;4.384774962427631;46.02171849039256
1589756399;2020-05-18;3.5685313805075225;747.9478531324836;3.6089121169583045;3331.348600942374;3.3653079865854085;1998.8396671896865;3.6831281067272696;43.47707178117941
1589842799;2020-05-19;4.507268701155735;40.11185520486672;2.886024224356712;16.32624568920253;3.2693203988200517;16.597385668345193;5.191266098277342;51.64603187480456
1589929199;2020-05-20;4.728734733443757;57.73820626564981;3.432278219930954;21.619356599807094;3.72456371521369;28.28715276576035;5.291089470898606;73.23712340650239
1590015599;2020-05-21;5.243479290257158;77.01767148781134;3.0106760252709357;22.56881262337085;3.4452585955340673;21.756426682565515;6.193504690846674;103.48843382003943
1590101999;2020-05-22;9.349633657258863;259.91191003776817;8.302483100199268;783.7069438975554;8.893235326117233;432.4490735423494;9.502092832754036;202.2960077467367
1590188399;2020-05-23;9.369465817726436;237.34757098849872;7.263913424745002;388.54977651968983;8.265232795936816;350.0604499758912;9.68962242825233;204.66732838205073
1590274799;2020-05-24;7.365715763251107;141.69017354145876;9.042994523746897;326.06971537909556;7.705381576404466;223.6724226813816;7.272743014686827;119.15808541222853
1590361199;2020-05-25;6.399238980328681;175.31159420936174;6.00790958529271;494.4333638232811;6.067342776543845;258.4909989705365;6.495497674063456;151.14852850508402
1590447599;2020-05-26;7.351068727359718;221.68398073261537;6.1238036943930965;97.6367177091625;6.373195685500684;104.88542048457862;7.692785605320931;261.6819379837063
1590533999;2020-05-27;7.705365258039697;127.39072208897657;6.711568360124144;144.58184541977687;6.443731420631815;134.59834190758892;8.09751774948744;124.85424565835466
1590620399;2020-05-28;7.006255373092489;160.32986012313373;7.1156668880943865;171.96683113419874;5.8884170913037215;111.776106039425;7.397666779206997;176.6080332360718
1590706799;2020-05-29;7.605115890616095;623.187481085796;8.089660432356727;241.2880531434782;7.501509842359029;1830.4272073539455;7.646055020697761;146.39558393350748
1590793199;2020-05-30;6.613035037001619;424.0270742954058;4.8635407450334505;164.25688673144674;5.275183795015507;322.0520468772708;7.293573491930196;473.74925768566453
1590879599;2020-05-31;5.345120483653047;129.03300221145523;5.739737792305173;265.2264679893004;5.916973517974268;256.08430028563754;5.06912856367776;66.70322775168523
1590965999;2020-06-01;6.6919473009637045;150.1181275506449;3.614525311504068;16.312619047213552;6.278832495399842;134.25518503413866;6.8544066089968805;156.1589328000406
1591052399;2020-06-02;5.7234748240680915;75.30744114547733;4.75215816866704;49.114860422453354;4.363657728404131;36.66373137632107;6.2790702205679105;90.50918622138705
1591138799;2020-06-03;9.929366768251983;367.17765073995605;5.582571015594827;165.65492741511625;5.061164053250416;92.11776090163633;11.994120686327571;470.4226091911968
1591225199;2020-06-04;5.804741317162704;97.55337440214876;3.945454258846248;120.5668998243442;3.8829430594566676;75.75324592893134;6.5980718244376915;105.26535179389916
1591311599;2020-06-05;7.338724731594939;169.979473459721;8.364840350588478;294.888153106518;6.834291722473506;186.1193696275713;7.5963956865797995;161.8404913447254
1591397999;2020-06-06;5.692899525797405;84.23222354475551;4.818135027371012;39.65624117924802;4.211443319211278;34.66881500330554;6.500301133643283;109.81036843315879
1591484399;2020-06-07;4.306405759294304;135.8854325925738;4.936616303373102;53.776455765335974;4.537817836001904;284.1248029373597;4.173318603494431;50.248252818677436
1591570799;2020-06-08;5.831498702393021;100.0399931496355;6.319523006790838;62.01480058540539;5.6472120143951114;55.49870721523516;5.981372162296075;136.17025178747306
1591657199;2020-06-09;6.23279435042222;110.16312035637965;6.002115458689889;63.71160142017922;5.334182631927301;109.0712973260247;6.696649141681167;110.4556880093523
1591743599;2020-06-10;6.170415081449641;491.59957735940037;6.779369526799353;202.0067327732189;5.775515475563905;119.15294025753892;6.443142359539297;747.7725918134029
1591829999;2020-06-11;5.772813010111794;228.98162686382202;7.32109669287065;171.87457021807356;5.6659092628922;97.51287324257163;5.847422550462466;320.52429966969646
1591916399;2020-06-12;5.9184534422840365;446.0105999798775;6.0589454946076104;57.59011545716452;5.5376676026787;39.778865233035425;6.157865186778126;700.2363022541439
1592002799;2020-06-13;6.1751689066785795;122.1267453760173;5.04669774794677;82.53245308797398;4.775775376709389;64.85644491919884;7.077746761921314;156.40737999951682
1592089199;2020-06-14;6.536169167762332;156.5927965687305;6.279998180173212;214.31959716269765;6.827438220645378;152.3438460359783;6.2988451065753965;159.86564337174707
1592175599;2020-06-15;6.257617918440907;236.0918576134735;5.484736869152775;552.4491672421665;6.663717907105406;387.41817504744;5.946681215228759;119.64138703330612
1592261999;2020-06-16;6.965406815262007;210.4193518344054;7.59807651878606;181.98325812437025;8.51197720544197;216.22532165123488;5.969008077965237;206.32524537300972
1592348399;2020-06-17;5.575825467796402;55.43788921014325;6.724260520477254;102.12650602536013;6.068864183143744;72.98595590111549;5.297226301801771;45.33095669089885
1592434799;2020-06-18;7.237222433841102;518.1170068143548;5.6870564444543685;43.13463750034177;7.3249899904671185;376.22317554188174;7.179890312521028;611.0725202268841
1592521199;2020-06-19;6.439641094476724;100.17595985685533;6.20009036235649;65.77593367674828;5.79288703725831;46.62388735226143;6.949726730962501;141.48578890046002
1592607599;2020-06-20;6.4956445609815825;357.4047170273194;6.701905437437949;65.75499023334268;5.543942221314462;706.970249912805;7.130242925747366;125.53697645348781
1592693999;2020-06-21;5.999881858935535;88.72634542984122;6.417778595232968;96.9944111786985;5.928508317771149;74.88980226175235;6.0409911205208555;96.66731653332586
1592780399;2020-06-22;5.838435619250229;68.20261571206063;8.404477609700523;179.95195284795986;6.214134108464934;107.84353610163873;5.502947086596052;32.57939649923312
1592866799;2020-06-23;6.540492505859062;100.29958687075114;6.324103049084513;84.87791171047007;6.956454848761935;74.25570921863137;6.220984241066667;120.19222870768452
1592953199;2020-06-24;5.596205759558757;102.6366542439494;6.847766194463498;165.64706836055646;5.3662364511370395;104.81857145284421;5.756398614516266;100.9023833593056
1593039599;2020-06-25;5.564631170353178;96.98503483120453;4.9213503357464266;30.32143572261143;5.770060700015336;120.81893493089323;5.468285990888898;85.82418144043893
1593125999;2020-06-26;7.4650927872130595;463.8956366230132;12.006081592146476;578.5749380465451;8.314361858336094;360.8156630641861;6.837231192500698;541.7380011706895
1593212399;2020-06-27;5.630984670500253;64.83542102421394;7.025914833596023;88.59442732955159;5.637900668078365;62.18510679801463;5.626846894540155;66.42310002375424
1593298799;2020-06-28;5.831429299239166;111.25876584411618;10.445452235219262;321.38073602036536;8.05523540337212;195.68423537284292;4.157752574384362;40.713843150932576
1593385199;2020-06-29;4.033479289984566;365.8871533369148;3.3827176739890876;1453.1377863807058;3.6038841893495146;981.9988947062333;4.251636141967892;54.45914124295852
1593471599;2020-06-30;5.919343208903735;109.69091683034782;5.06663812273642;61.72953966724719;4.6811592557577875;48.75202515489027;6.6615992823412595;144.95292830731873
1593557999;2020-07-01;4.364269282359828;45.11025887430883;5.479988442771545;59.67451461446501;4.0466527660033895;39.93622666717978;4.588087673012432;48.621603702106576
1593644399;2020-07-02;4.252014912315986;105.00248680438787;4.638606832254949;274.64132844229607;3.9395166352821867;147.88021116423894;4.454306667723866;77.66045532265217
1593730799;2020-07-03;4.605322065654442;102.77327921744634;8.434686873531362;342.0288440141668;5.658515096437163;192.96640438984707;3.9698898670741958;46.902454712802175
1593817199;2020-07-04;4.699141654587309;66.35368773179518;6.525362202850871;103.73244452046423;4.833103652935931;66.34866748913524;4.612242130065687;66.3035270909159
1593903599;2020-07-05;4.133437030578692;90.1134146387638;6.018787033399685;91.8259035193721;4.808667802625785;121.50971055842228;3.713831791621305;69.81822385051004
1593989999;2020-07-06;3.2090135283917114;34.639908896752296;4.11313480113475;44.38071626761839;3.9185699721294327;40.91965255710342;2.8433623149250353;31.171376971642736
1594076399;2020-07-07;4.747455221238271;109.2129718501414;5.039466995647679;35.85332475196247;4.751623612402751;42.46413919740653;4.744946466287437;149.3879384215668
1594162799;2020-07-08;4.295557258401498;133.72181043683787;5.9227946549925825;123.61059668250712;4.203386133807565;74.03255211286915;4.35397523535677;171.4942979227788
1594249199;2020-07-09;4.346713461102322;89.03692484238054;5.99708067271429;73.85140356529216;4.962181448915411;44.62682875776604;3.9748132507282277;115.73848654087061
1594335599;2020-07-10;4.552264095575637;58.400362316953455;4.620735792457545;31.236311496703518;3.4050562047999864;19.9882213360668;5.210264182317864;79.08607577681558
1594421999;2020-07-11;4.80281739721161;66.67806438963926;5.300561086693866;136.62297356687108;5.622900460833169;88.29014106552107;4.205419372146772;50.12493977649767
1594508399;2020-07-12;6.9322954912778885;251.28095027180427;3.876233064385311;29.471132582989412;3.705633314036187;23.386222617395795;9.052462784200896;389.4954915417127
1594594799;2020-07-13;4.220471107659313;58.40950912181632;5.197815226027177;62.8330572624509;4.026480469713112;38.07080649044533;4.350422549519684;72.03064369447125
1594681199;2020-07-14;5.792437310537935;238.91939728047856;9.497260587058976;102.50211483783173;7.160522989544627;76.73597411021258;4.622637474924297;380.3349706646103
1594767599;2020-07-15;3.4602407945204186;19.40032592046234;3.2000398529157716;18.741697553038;3.079810032682622;13.027192025220437;3.7292294094203235;23.785199532000007
1594853999;2020-07-16;4.141099697968348;45.701384076007045;2.8438496031673117;14.430022836246946;3.256474776574302;45.82929261845729;4.773576425347888;44.711203499055664
1594940399;2020-07-17;4.586272641130692;69.48910835656399;3.8184981220254377;39.00069647205139;3.58914516153077;34.706181474826465;5.261265341295201;92.2094610648765
1595026799;2020-07-18;9.268768212267288;534.7281659979087;6.286776540257324;550.9803551485351;3.811574743538022;276.11618173235155;13.617024461489946;712.4231553375782
1595113199;2020-07-19;4.010140252631386;127.43863009288349;3.7736076000342043;38.864971607561934;4.504474664870604;76.23505564791205;3.7111737966068747;158.56364985480917
1595199599;2020-07-20;4.492838130673502;181.90486344569229;3.8132689651558485;500.5678446715933;2.8978703078696175;231.55908034169406;5.426543491116901;152.3318191630015
1595285999;2020-07-21;4.037824903535408;46.31595412085449;3.9763105564453545;41.06081024371631;3.458524146486612;27.636866367185977;4.385653139366899;57.32478979898382
1595372399;2020-07-22;4.539495390735986;67.6915645379845;4.991225341851231;116.10587409498827;4.078616124649405;80.43535356513341;4.786877007200969;60.755205849528984
1595458799;2020-07-23;5.565785507174566;89.03929880830943;6.879722884274701;154.17482507739803;5.993551506351184;114.81545570549694;5.304110618721617;73.28447970789125
1595545199;2020-07-24;4.097177015628128;502.65312082756964;5.610773876943978;69.94790396712133;5.606014869512509;61.24432886165029;3.2882824435151785;740.9717100242594
1595631599;2020-07-25;3.5390964997657264;160.95539311469847;4.051244455611548;921.5935690284546;3.3448250675466418;433.10747204048226;3.6347111713491853;27.29430189016509
1595717999;2020-07-26;3.0750476292227016;19.772833980967768;3.526724842327202;28.837511152748274;3.118821668139334;26.50465240896294;3.0469478208768983;15.444005278777492
1595804399;2020-07-27;3.913319687449449;513.7925279243826;3.6985875191127855;2609.767140317227;4.221804735719108;1361.084182335201;3.7455025624579688;51.333919079128094
1595890799;2020-07-28;3.48328083595256;31.30456023867274;3.2472629201311425;20.871014799511812;2.910567721559747;22.79948586089026;3.8845145116333906;36.71795523074633
1595977199;2020-07-29;4.4052170359691205;538.985586857298;4.6323174896451205;95.77438542724803;4.9423930933508675;91.68885614239302;4.146558129482447;755.6575320848792
1596063599;2020-07-30;4.215896379173264;200.7136105923605;6.73144475654868;122.37620403332193;4.9093107760567705;78.40240888321422;3.9579108986166114;246.50117241647388
1596149999;2020-07-31;4.121708572913979;44.77817245164827;6.350113393172652;117.73503404870665;4.99071323443325;73.16312484727898;3.6358449379822027;28.668997183254316
1596236399;2020-08-01;6.4122185285201585;159.52359746199184;3.724526555983535;21.14785776609713;3.9216905405533264;15.132963577337641;7.753079118196916;230.20403460899672
1596322799;2020-08-02;3.387783418523554;56.70897275129813;3.94858850498603;44.48929896718091;4.604061932586086;57.13844934892947;2.951624238845652;56.34977517444404
1596409199;2020-08-03;3.055100764014299;43.09515389761248;3.9751837709881666;51.33922938145628;3.1752732579988323;32.003069570197425;2.978877409231662;50.16370256802294
1596495599;2020-08-04;3.745002996796378;35.565048735847284;4.442773816361512;36.900257114332675;3.3984423140400044;29.464258313890998;3.9362075554817446;38.759359512595694
1596581999;2020-08-05;3.0058296545135295;32.45628386352669;2.822240591459067;18.355666079782534;3.053350292531827;14.938594505191594;2.979657215193168;42.115811326137226
1596668399;2020-08-06;4.145982234405012;81.36384996294301;11.132680775682495;410.29487313676316;6.12071701796708;196.7590135113891;3.2954826878248635;29.541939865295387
1596754799;2020-08-07;4.867112721154949;49.99570236018435;3.5632856460179503;45.46122394307731;3.7689273382882535;31.89395654765582;5.454080114764808;59.02444499817999
1596841199;2020-08-08;6.999595623712528;322.42474486293014;3.582185209126239;28.12044579923966;2.7072951928099203;15.323859489975925;9.46526053998979;480.99713314032164
1596927599;2020-08-09;3.360741254123735;29.811174437973023;3.630748795956865;45.78361948003646;4.864119848985363;43.489858333143495;2.6397136721938526;22.040261565593298
1597013999;2020-08-10;3.0806658395973483;218.83826210848443;3.973691174580246;31.74310221245036;3.758553247220329;136.56967658831974;2.76141712180699;258.47373939267845
1597100399;2020-08-11;4.615100339315023;115.43127600960615;8.574445339012614;303.0707531344346;6.285210392638577;197.06990623018126;3.7036566865963145;69.66426563211981
1597186799;2020-08-12;3.968667343677041;41.705754697002114;5.288643969414596;126.97085474298812;4.238514291869803;73.1525319269515;3.8069976885189316;22.840146925797605
1597273199;2020-08-13;3.339936220260298;28.714207851521216;3.155031500451507;32.810625531597026;3.1888571097727514;22.9424165262379;3.40858870653367;31.265210585822263
1597359599;2020-08-14;5.572658586489055;132.48455772963808;10.090537801350624;262.52473982732465;7.666592379816334;199.4369462208092;4.397898217879086;90.44792188500989
1597445999;2020-08-15;2.9573654030107153;21.059745115080364;3.489410307429614;41.58369870298052;3.3276319369941865;43.37793511903772;2.7628865338251494;9.413175544223296
1597532399;2020-08-16;3.662223746779172;36.12851763547838;5.67363652736052;79.92066994023527;4.635420479496525;61.741176724421784;3.1304826635958904;21.83714316922011
1597618799;2020-08-17;3.6095304563933666;24.953117968848012;2.4404140055981047;9.824015582524783;2.97326506497178;9.755274617510814;4.023267529304066;34.0213425899991
1597705199;2020-08-18;3.7321304874643717;31.91938032778614;4.363597214604605;43.68305851313099;3.9696118395103386;40.32487046255657;3.573028541448036;26.29687174091118
1597791599;2020-08-19;3.8676717278754467;97.09375739253528;7.134453632523621;409.44844847808724;5.196885642913337;247.13650402870607;3.345929925641407;37.54099258580411
1597877999;2020-08-20;4.176707683201139;57.9775871345998;6.636777723594018;166.12147412529288;5.503733183916547;107.26025418326537;3.0383128072529484;14.330126798225606
1597964399;2020-08-21;6.689464290206684;254.45115148689905;3.708564195584867;50.905726042888254;3.475313765074;36.57337722040358;8.377765714182143;359.3743584735146
1598050799;2020-08-22;3.9694025281620675;50.52362252323781;7.419165479579415;201.74997165453107;5.224259297717909;111.90567043309419;3.238265164841636;13.641200193079444
1598137199;2020-08-23;8.251598526435052;3070.3382336494574;5.360581811918319;5823.758647181213;4.39318268056282;3401.3014864734637;10.857729537351869;2812.1473920338394
1598223599;2020-08-24;3.3749453835683094;52.159475415802056;3.095041446061681;26.862111919721816;3.1611392039424686;19.344663303170407;3.5002363928888083;71.34659387000927
1598309999;2020-08-25;4.415987149364629;74.42986289114444;5.324768050507219;151.3483208026989;4.554525361847297;83.52539973935644;4.337233195665709;69.24286300422632
1598396399;2020-08-26;5.2013053633352095;244.01141618422633;9.931828137307814;196.73899760381616;7.407945961108483;143.97559316386972;3.571830904427465;320.32880560128206
1598482799;2020-08-27;4.78003057028696;65.62844072901417;6.122199753885889;129.28870943231598;5.024375684888373;85.22109340878613;4.61960032585477;52.77254407760632
1598569199;2020-08-28;4.355177024964598;39.919891827315354;4.030883143830693;61.73886850302056;4.2989646469942135;63.4159702613939;4.3828387117060865;28.35800517768783
1598655599;2020-08-29;4.9001464238225685;161.65843014668195;5.802019072982062;60.18642676202919;4.415885997871891;291.5761810338917;5.211685664811957;78.26306049980899
1598741999;2020-08-30;7.695533187884252;510.4848376283985;5.591387098568325;775.8764412288538;5.46235897329953;542.0086968966863;8.99400496761052;490.31666072823657
1598828399;2020-08-31;5.755230607872352;117.14320791230612;6.353008197059067;182.0280182012764;6.22352357265239;144.2408777830556;5.315333834498791;91.2326437575865
1598914799;2020-09-01;7.937177233059843;182.28098215599164;8.068811279585791;227.38922983246354;9.081618184177245;278.21311561800144;6.753356556853442;80.38062730906209
1599001199;2020-09-02;7.202541151024325;341.8526657426306;6.30079841129306;765.2434184175864;7.173654454441876;511.4231624507933;7.221729983453321;229.2581526319294
1599087599;2020-09-03;6.7262967173188875;211.18466686659158;6.121000853533386;216.50444943004865;6.258421646152066;269.08622988278904;6.984246531831943;179.45949388524173
1599173999;2020-09-04;6.391185298068808;250.85193024740445;8.986768436725871;284.31538410133044;7.842656910910832;414.2909488920851;5.506920656980768;146.75190207201743
1599260399;2020-09-05;8.034402279993051;252.233202073336;6.1910468780971994;84.34200509594604;5.741035641509988;137.1617592009468;9.883508841168732;338.09501071360154
1599346799;2020-09-06;7.472983337426615;177.25896485659763;8.81090890990508;296.3082430343217;8.07673929326188;230.94007437070607;7.154564017607812;148.63772388689537
1599433199;2020-09-07;6.428980059942079;318.50186135924434;5.157889425459368;266.010605919374;5.323952745177838;224.85805269560788;7.109478154111444;374.89946518228743
1599519599;2020-09-08;9.71614361755192;485.21492280408165;8.892047073618453;446.44598625855843;7.687351606101774;403.1066681124917;11.033141822472203;535.1911954879755
1599605999;2020-09-09;9.617427119926882;436.44835106894203;10.392294290239949;327.88832895832127;9.068675349686352;344.65806303055587;9.968811655204902;494.73328428814943
1599692399;2020-09-10;8.239888284076134;295.9614492059815;6.337878906021276;151.1293623806143;6.081984719533187;155.55089653247953;9.676071800370886;383.28028791827217
1599778799;2020-09-11;8.554301707526918;361.9791404534435;7.75796369312751;177.42436133124497;7.055366394333902;211.39605071904123;9.724306730919176;474.80997296352655
1599865199;2020-09-12;7.85589117696806;296.4498331789879;5.860628172551425;173.3712995402139;6.101238326209399;168.88654274086454;8.909131703840577;368.4828852288027
1599951599;2020-09-13;4.915269361251928;115.97758725242828;6.542607992287009;246.24741320990225;4.878846564460006;152.88055951114737;4.938117710341701;92.84030596743266
1600037999;2020-09-14;6.0715877203380835;255.1963199455605;3.55177671200025;53.99068624332623;3.8609685682829267;70.46601588790924;7.753187894535948;387.18004283765794
1600124399;2020-09-15;6.694423118931524;328.56220130508336;9.108661878468586;298.65482371979965;7.562543652588792;263.43789745693914;5.9842727905279895;381.5491608392653
1600210799;2020-09-16;5.497729822681061;274.0737086392084;6.117764304459722;239.64839683462645;5.183568897630428;210.39221215111485;5.693577786552279;313.5590303151908
1600297199;2020-09-17;4.744248520717623;195.2347895008608;4.12457870936316;55.04004235594202;4.261875783423499;74.99339167868605;5.049385624494091;270.57035268400745
1600383599;2020-09-18;5.98935191795159;263.11748999247027;5.6383248446924865;592.306944809183;5.030424429470789;397.6324798265739;6.589388223586958;179.48378234322266
1600469999;2020-09-19;5.553279105805816;299.4634416169127;4.831158740239666;79.16070161489505;4.727731003555849;104.63595086514486;6.05001790879466;415.061938837126
1600556399;2020-09-20;3.774744521939271;746.9422213181954;5.288693955561695;2161.613532186442;4.57568067849832;1809.6031793797606;3.2609027590405097;51.49063776476011
1600642799;2020-09-21;3.632567779529691;67.84854996836062;3.4745488234916695;44.309969835748966;3.4716069773498694;44.668016328387;3.718080671325024;80.05943576469953
1600729199;2020-09-22;4.829895366718759;164.07122632423193;4.94931241250948;248.86229598593704;4.851837500688105;237.97102215770732;4.816680178555222;119.55905065053534
1600815599;2020-09-23;5.031378002723737;119.52387639797445;4.536288706690116;99.25077213735563;4.052691925506315;80.42839310318695;5.6597479767762096;143.36379514584678
1600901999;2020-09-24;5.374158677836097;221.164788253619;5.021695833083842;81.37761138724514;4.836892609651517;103.7010527545936;5.749322520056202;302.24336228543484
1600988399;2020-09-25;4.691849713616467;1572.229426945463;5.502435770701401;1324.0533405977635;5.100656948955227;901.7223023347973;4.39432508336978;2063.975410101178
1601074799;2020-09-26;4.867186767256143;871.1823112984121;4.1369685359479185;78.60926145855171;3.9246998389324523;95.03557707376764;5.523435139803004;1402.5483079668402
1601161199;2020-09-27;4.2228098067493605;216.96004386221108;2.5206418456887993;22.644112661699786;2.381628010165344;16.974948301172518;5.282137170185611;327.07547913561933
1601247599;2020-09-28;3.430577524111162;254.2057810293988;3.7082737893082207;96.27242349411098;3.2817690532790347;67.67273490777175;3.5270691346722276;374.8645041559371
1601333999;2020-09-29;7.096584985173705;399.4645662702859;11.072579347246988;488.24436659784476;8.596311150360041;364.15734602312176;5.989473394244516;424.4244520550157
1601420399;2020-09-30;4.715143287123423;297.8095010225946;6.213272117792643;218.89649687622858;5.33077405951595;192.58321781391854;4.312031880208523;367.0864789071848
1601506799;2020-10-01;4.024640295260554;287.2133042466287;3.6859841855725746;79.52190291702823;3.5930448330686318;104.40287314463667;4.330140699748458;415.65985514265327
1601593199;2020-10-02;3.6098141489895412;69.3728169304399;3.2014105379454403;50.80508196677089;3.782987313206288;68.20418810987056;3.493337924821577;70.17687627787906
1601679599;2020-10-03;6.350552133586846;414.3548151963599;4.414231822297575;320.5170689296453;4.955231085115729;317.64837481188744;7.380302070975188;482.87996135337465
1601765999;2020-10-04;4.396611192130963;83.725994390842;3.7293769495620324;73.90761779201857;4.041136155629091;80.88726524213398;4.756498961508285;86.43908328354863
1601852399;2020-10-05;4.9894767940020035;299.0386597564889;2.099538898246072;31.996874531856946;2.1772112983218292;25.789833690876613;7.23662978978589;501.8302235797878
1601938799;2020-10-06;6.512225035142932;168.03164376553073;6.071588010538026;101.61365335816092;5.593951541126731;84.4179496280102;7.471546168028489;252.98264840919663
1602025199;2020-10-07;4.18266222969386;296.31313925212436;4.457011017389278;54.49322380204741;4.627690537923108;119.9500923361094;3.816999912128687;441.50466496710226
1602111599;2020-10-08;3.409612261152896;284.37985558568;2.489293255213226;32.64875062050243;3.2058570200735494;128.0976047628978;3.5733817712599425;409.6031038934463
1602197999;2020-10-09;3.705775314910505;86.5922749498145;3.5311693592284716;70.57034442669487;3.6840571790652836;73.08929857953379;3.721921313122037;96.62180512355827
1602284399;2020-10-10;4.359108571798215;331.8636971420152;2.9089987328176723;30.481394088610223;3.2961928731408325;42.072283534542166;5.203812745511143;558.1263468353877
1602370799;2020-10-11;5.761364149349616;292.85271597974565;3.328606102804172;98.05247023617827;3.052190862331096;73.58584180825102;8.084998652090176;469.1442691967144
1602457199;2020-10-12;2.133707357860141;16.37300852581868;2.2616471670895413;17.433834184333772;2.2611297666765844;13.267089409612458;2.0315577596179915;18.8634087082256
1602543599;2020-10-13;4.249425175634722;801.7128421622275;4.030022835779477;48.77316199846913;4.230345029850187;71.60842840522284;4.262959496483831;1319.5197499512074
1602629999;2020-10-14;4.78022775906385;357.5767423097747;3.878673514150889;109.63590257254938;4.2384145923308605;125.87510436237666;5.249461723158978;555.9882474931491
1602716399;2020-10-15;4.226725351186326;161.61190229948895;3.8600203383542193;82.13598511125619;3.705502827643283;76.25831498025994;4.61450958569869;224.18440923204165
1602802799;2020-10-16;4.127266594826792;361.6011231058099;3.6068425189368964;41.4008376002476;3.6345844998427883;46.035113039040006;4.6214436830178345;675.5061941252862
1602889199;2020-10-17;3.941841144681701;97.00821690523898;2.2255952485569725;19.169647390790736;3.2068854883732;40.14396961592822;4.59683769826172;145.69979463134246
1602975599;2020-10-18;2.8457408927010386;317.8782002135311;2.650474670877715;40.327497123833254;2.7877465387162346;632.9518254230932;2.885295762788506;103.03895788305172
1603061999;2020-10-19;2.5905668141885085;184.49524019763624;2.511640762278906;425.13200343775003;2.6409538103346466;285.8672544330598;2.545561168376909;93.87413549639095
1603148399;2020-10-20;3.520438456232018;209.48764819204976;2.779312839663389;28.741677819658022;3.0994482166221564;26.52448138749798;3.9064953017966517;375.9391219904177
1603234799;2020-10-21;4.922118154659701;110.64040907377586;5.417060507017926;108.70788298016178;5.146276456045331;91.18178699711963;4.757194728748446;125.13591904583114
1603321199;2020-10-22;4.541717478704726;155.50722175336222;3.56645719057524;63.609055298708626;4.448156145432597;86.21664856650183;4.595664044153138;195.32679063383395
1603407599;2020-10-23;3.642666793608988;209.939137247222;2.42192566126043;15.216659503748755;2.974296540628022;23.448941453860645;4.190890212834955;360.74419275478954
1603493999;2020-10-24;4.1982589866385185;63.11503823705259;2.6918389077489473;39.854765487510996;2.739679424730097;35.80417805370057;5.231323096201567;79.18660747944581
1603580399;2020-10-25;3.5711390958908886;75.38590196918854;4.168370891807756;98.02227519973285;3.622190404890957;98.93387997429353;3.528790394348008;55.85982554721916
1603666799;2020-10-25;2.888446702248062;142.08876646622116;2.028717197546185;13.661837906337398;2.148204584381928;76.06699316400285;3.454556591979027;191.4817262273087
1603753199;2020-10-26;3.3986705830932005;648.0399089118756;3.6028642147155407;42.88737048046832;4.2135583767094635;66.97516925813507;2.7428182347306262;1117.3679635719243
1603839599;2020-10-27;2.8374800295924256;24.77183709570739;3.145579800390005;31.693457711471837;3.1969470808701197;38.1247124297155;2.4988904089540873;12.129229764479778
1603925999;2020-10-28;6.147609791462942;592.0752585636628;2.5048589910312944;71.51760180853951;2.630551897990262;1122.0876484684054;8.596482433562883;218.5007786445548
1604012399;2020-10-29;3.2964564584005878;28.796360875009643;3.2799147791895193;22.10263932963605;3.1941157709151766;20.639248366168328;3.3809077012530673;35.46604845293067
1604098799;2020-10-30;4.712432614279917;183.31483801725972;4.097590698962513;126.70639692672098;4.173884183286879;149.67502647359294;5.01490377446208;201.8063169665169
1604185199;2020-10-31;4.976037333529947;145.267842467196;3.2996763294843885;23.162627017573477;3.1869050630008116;18.982640174529003;5.926446805682972;208.67598971014533
1604271599;2020-11-01;5.047058379064926;1453.651663044781;4.530676174472312;7349.882740859541;4.071723287458174;5140.443894123517;5.409189075255478;89.97391352216123
1604357999;2020-11-02;5.026733975540745;89.708865283887;4.028071330058475;37.96431017258197;4.396299051363154;55.72860339852733;5.357838500283642;107.25800294387997
1604444399;2020-11-03;5.092646675927966;201.99978196988627;3.522803423372646;54.42446846733163;4.309096346264761;55.31237988807309;5.481817544642966;273.8198400851651
1604530799;2020-11-04;4.810060001128186;155.0729376676066;4.6261648021492014;76.83511985763383;5.04568376866673;72.59232547596903;4.681549177160601;200.23118134640188
1604617199;2020-11-05;6.212401386384261;161.42326650479296;3.5637008782831856;100.03564069223195;6.321208361309109;172.64539887026342;6.150955719736177;155.10059895853283
1604703599;2020-11-06;4.545872599749745;97.68268307759142;4.634714467390141;90.50367853930794;4.092139925207907;69.10707201944487;4.763350618895587;111.00121694601309
1604789999;2020-11-07;3.9732746289543375;87.54942022292956;2.938914848097016;59.55939659747019;2.730808461900599;40.616899667494415;4.700511978311496;113.71940968224986
1604876399;2020-11-08;3.1902058792205965;31.058542501764283;3.01165990304796;44.64197235386913;3.232021576645293;52.51055610814523;3.1612915563441364;16.215308366417528
1604962799;2020-11-09;5.3852302607753;239.00929493353183;2.320503046853602;18.000141176640867;5.626341271182804;217.5082040426403;5.217985304909184;254.16825504441272
1605049199;2020-11-10;4.185360134581766;415.06869613225126;3.89185729376953;59.38014122428466;3.8056492526249186;961.978337261814;4.4217247438771645;76.65562254842183
1605135599;2020-11-11;4.533508722586289;235.39260533249617;7.117040459810197;356.32269755981457;5.931170861532523;246.1240737211477;3.668134081109805;230.1422457938026
1605221999;2020-11-12;3.1085235652164123;248.78828888282501;2.488981294983472;31.11487805781067;3.0238708367448783;48.36526611030409;3.1726135213027553;400.23434065974766
1605308399;2020-11-13;2.8143339805806242;26.148500827780907;2.388102314930993;29.268313198409405;3.3522452348420533;37.15389243302703;2.5296892731299137;20.38970144077038
1605394799;2020-11-14;2.6214944503776754;35.410466411700746;2.445592785094569;74.04867242938218;2.379088331198409;51.88974757615023;2.7717244263386673;25.110800520733346
1605481199;2020-11-15;2.454799484579844;8.280506371407556;1.6941831427146306;3.8583425877675666;2.565223091479216;11.706312379906697;2.370782596761915;5.749923831262239
1605567599;2020-11-16;2.8321783236347704;26.358696318262588;2.589511524267754;38.548257654367234;2.4691889946223826;30.540578399683877;3.033564697575232;23.871917519362064
1605653999;2020-11-17;4.044086614574611;66.9100913173474;3.2219229200225645;54.49823141775434;3.4834142366474805;49.451715067916034;4.372584394536545;76.73431977310719
1605740399;2020-11-18;4.278908182270425;95.45001093258783;2.518744719123167;14.116150836253627;2.506543492014668;15.414648893468934;5.399252911506276;142.67423945773356
1605826799;2020-11-19;4.6462681497331095;3792.172015143967;3.4111427647239005;87.3486724275026;3.3729990101750373;1026.6629747077009;5.3086060339838586;5226.183056405917
1605913199;2020-11-20;3.0933404006572047;51.5277244614693;2.6778562108049737;26.897750962552966;3.288309794725384;70.44118476500817;2.9560201346383894;38.09755957355849
1605999599;2020-11-21;2.9398777213053067;206.55482003492028;1.8097682750315338;688.0197251417917;2.0741683085841807;474.9796298782886;3.5343130037172084;22.482777177219738
1606085999;2020-11-22;2.0819229704636855;13.09747248324427;1.9546964846467347;3.4276380873232166;1.7973633758298468;3.1979711909607;2.2979490980052746;20.383053169792976
1606172399;2020-11-23;2.7514878956664997;38.717710039518536;2.9613724173224307;41.894842002848634;3.021903589571588;35.234440837573494;2.602899900736955;40.67104236589356
1606258799;2020-11-24;3.373370568660681;93.32465445714854;3.7974335686884118;155.97243018005378;3.3772934577367257;105.69454533976449;3.371137372495515;86.28190320311556
1606345199;2020-11-25;3.7098991267364325;72.62197010750542;2.9465512367415823;20.441626439790472;2.9396021100513194;25.334127888693516;4.271467077428305;106.17073001253534
1606431599;2020-11-26;2.8546172490059116;46.6746205008778;3.467844867586997;69.04837794676078;3.0500403808313363;44.37102315652785;2.7139603124231604;48.32675716345642
1606517999;2020-11-27;2.6027742527651117;87.99813980890256;2.256603347435774;280.58619469514156;2.2858506520862742;187.352129616411;2.8275540872975826;17.60949709793856
1606604399;2020-11-28;2.4736332428100942;14.571329889732551;1.678796594994911;11.596317389459072;2.501599618984326;17.012630526910208;2.4528177119265666;12.752185683380652
1606690799;2020-11-29;3.27302618415839;35.26633687559543;3.256011699370693;35.38440734313156;3.0878910614133606;28.88496683920914;3.40900629906875;39.922168231976144
1606777199;2020-11-30;2.200324360227666;16.84023681905646;1.907177355822921;15.476398185573236;2.4221774509260916;17.808131838369093;2.0721173463386857;16.321180002952605
1606863599;2020-12-01;2.474902136558573;21.90559838463595;2.0561199117085467;20.572507740517423;2.1663743783530864;19.535828115863783;2.616638898469825;22.872943030405914
1606949999;2020-12-02;3.101262349994603;70.15849007908861;3.3676004644368285;50.14367303242496;2.9984421083372106;122.7842125996021;3.154183942559454;43.1151962827005
1607036399;2020-12-03;3.287449219732425;81.62409034192684;2.8727366101623244;30.99923148719611;4.390544127141011;181.93133110180125;2.638202599492882;21.88373357279151
1607122799;2020-12-04;2.452322171344248;221.37457365169297;2.153006961460919;947.3511599980541;2.1492426925918005;667.5211887143604;2.5745616037283128;41.93965078852521
1607209199;2020-12-05;2.485686132720471;606.9967491609431;1.9524380813514244;484.1130368683891;2.058421062943017;323.6543284961502;2.7395086148250205;773.801022549129
1607295599;2020-12-06;2.3252105303630133;10.534832268625404;2.454643016960658;25.57911660986573;2.5796364602868938;19.06568495389041;2.196975327382813;6.219604293132308
1607381999;2020-12-07;3.0812631934471164;54.058932056292576;2.376959649845814;26.16936463765954;2.3875265549561715;21.54771247259027;3.469257710825668;71.55356606238107
1607468399;2020-12-08;3.3323947884678318;49.13462213521937;2.2844745449277415;22.49673920191596;2.4113971637334473;22.093134962986667;3.8042502766048285;62.19643137918508
1607554799;2020-12-09;3.994278076954855;87.6588421655853;5.12588912357591;136.28847589717074;4.176652438108327;101.50567501136082;3.8973839477710985;80.2894880524091
1607641199;2020-12-10;2.888935293052604;66.1272148344034;2.9452473454110275;85.14552963352568;2.9227013758124034;108.35380491945352;2.870186284828493;42.6568721820336
1607727599;2020-12-11;3.209527141512947;134.2159560203371;3.1146665179938444;414.8694814575101;2.834450146422576;243.75633780935132;3.4190002025710333;73.24678652339377
1607813999;2020-12-12;2.9741073871414208;57.389830019087384;1.819126481989418;32.36055374174418;2.311040683645758;21.502835442092394;3.195912444991786;69.08781188479483
1607900399;2020-12-13;2.658284045100614;49.69423651379465;1.847126741218704;49.667799164083405;2.443004890682545;36.05699320679026;2.7324850267843557;54.39816470566939
1607986799;2020-12-14;3.869417028837643;91.86315392173756;4.356062427954817;132.0612099330705;3.873101385086378;93.4044018863484;3.8678614306360672;91.21236681088175
1608073199;2020-12-15;3.6294190513745055;97.49776751613427;4.047869264393002;90.3355742454985;4.226482789761008;88.67339872978351;3.40344567377325;100.89139435287701
1608159599;2020-12-16;3.971236622241076;80.49875050942845;3.2695260795085312;30.07873689510154;3.0868685128181954;177.2886866089922;4.301882168006649;44.51426013799505
1608245999;2020-12-17;3.577347174730858;158.37232044930764;4.663954267552922;77.35615906117559;3.711045259157394;55.43804266620999;3.5271829903514975;197.05197711589062
1608332399;2020-12-18;4.663404095803588;748.6613398519627;4.578501195505033;384.4876721772848;5.603626306997015;293.41174318915915;4.337904262459462;907.4898837768361
1608418799;2020-12-19;3.0802294401769528;84.84697764852747;2.6861760520959916;363.28653153451893;2.713231867994487;193.11342694729802;3.2188629473924766;44.16215922933748
1608505199;2020-12-20;3.054349356251021;40.20200334708344;1.9610150174847552;30.581497392164174;2.8843441157733496;55.767800581052576;3.142585797925302;32.116669945626235
1608591599;2020-12-21;3.299585878158424;195.96495536073354;5.409889521955317;232.41794398454246;4.266110910459832;198.48479310961494;2.8463349764862147;194.9056347940251
1608677999;2020-12-22;3.15635844057806;518.007920514015;2.3301823462584417;730.0352615050698;2.0592271000317903;1254.2004084649875;3.8615817611787224;51.75989366222979
1608764399;2020-12-23;2.276433478435167;27.25604344625798;1.4165957832486298;3.275838825370374;1.5917976602502166;3.2375195709437943;2.5429190277720424;36.19721378999393
1608850799;2020-12-24;3.089367172403206;288.21416664671625;2.6369097521744402;1000.587470834552;2.8478155979814903;665.7964444969651;3.2410045493735358;51.44015473096049
1608937199;2020-12-25;3.2753335525549696;20.34734672989707;1.8908864397641156;3.9947592212200003;2.9289815425346393;11.023560862036465;3.486663778751846;25.816344148782814
1609023599;2020-12-26;2.6035491610890498;23.930748354403097;2.79840422846218;15.299472992379195;2.6751618539949096;12.853483122881652;2.563431495255942;30.14405222073821
1609109999;2020-12-27;1.797999801623747;4.199032067635104;2.0094509750919984;6.526703134315419;1.9727536771811944;5.456373534343204;1.7269788255358225;3.696405295288635
1609196399;2020-12-28;2.5527978886209604;36.3149451810758;2.3115731192604976;6.926027339041372;3.145521820711294;56.28042243128899;2.2698181608820023;26.887154514891975
1609282799;2020-12-29;2.287832883629067;36.34537706493716;2.0689742891827403;12.543109945566984;1.9988098664410194;9.877251900848144;2.4782372672811848;53.64321084438807
1609369199;2020-12-30;3.6125289797115685;46.21926666452156;1.3046939950299605;5.245986395750133;1.9526095427203072;11.012142603394183;4.397030132712238;60.541134814862616
1609455599;2020-12-31;1.9522404763152017;4.322103114501906;1.9353126513340484;8.394873920835447;2.2528677665683814;6.8473563765873475;1.8189517633911352;3.3447880385698987
1609541999;2021-01-01;1.9048171186746072;10.10837281715045;2.090010387485005;6.047649830889259;2.2599319196600662;5.622501144451654;1.7476481595063766;12.129909866772906
1609628399;2021-01-02;2.1134032429668888;11.854189622830226;2.136980912518914;7.051519697046314;2.378405410531467;5.732887517083699;2.0122057107421583;14.243683332031848
1609714799;2021-01-03;2.186061142587879;31.510347545910687;3.478398545678346;147.9852682304538;3.0747955006583605;99.3691585925241;1.8530717297321317;6.086173044367883
1609801199;2021-01-04;2.2069137938228884;25.453322890376977;1.9996469858094685;6.492012858233858;2.555767909884894;23.105758769226036;1.9965220924220708;26.733243543898354
1609887599;2021-01-05;2.963991247368519;45.45802421513887;2.118999160451161;9.92282895038173;1.9798314990278598;11.786727380061123;3.4395434305324577;61.130243843733254
1609973999;2021-01-06;1.9897168301637342;95.95057752524338;2.1343069764198495;15.735889827910706;2.3347155711852268;14.362790085491563;1.7910496222174277;143.20010808736882
1610060399;2021-01-07;2.978116964017042;146.59613286540525;2.291741096818632;20.38735149968193;2.5660913736442077;364.6631845287794;3.183781991191526;37.79672017548495
1610146799;2021-01-08;2.2560639658230004;62.6773921946478;2.198179736628975;230.03778991144708;2.193186203125716;165.08598689665774;2.2859398340217223;14.049601224359481
1610233199;2021-01-09;2.4691082337903696;25.954380824460873;2.2219025477909624;56.205493152240344;2.1911499505379406;42.98514707859945;2.602057492183354;17.713223069245156
1610319599;2021-01-10;1.8024775099602497;6.467379790884646;1.3717799589453774;2.496515321289064;1.5129023222401925;2.595449577768706;1.9456802024923536;8.354820524737303
1610405999;2021-01-11;2.5083594546657064;32.739526357006525;2.5735753834583797;49.95792977838115;2.457414803332249;37.08701645874167;2.5338058307981544;30.560163967246933
1610492399;2021-01-12;1.932806555774778;19.661018184722778;2.006694199546698;18.451919449818163;2.0893467137799804;15.072734385928202;1.8484560063627347;22.202663240310933
1610578799;2021-01-13;2.0040296310995545;14.667104053391524;1.7967720389154005;14.022748496771197;1.8679474859808152;13.198930861466415;2.055192077972918;15.194004825026266
1610665199;2021-01-14;1.7782532119268923;9.746726110519582;2.0239356468591114;13.531835447767774;1.9846550205873073;12.058202264794417;1.6675833465771719;8.514873049002684
1610751599;2021-01-15;2.480607297672931;31.15701241966682;2.8358745430067187;60.39316474561141;2.6775501102029033;46.01856741033594;2.3699176063846488;22.819650799954076
1610837999;2021-01-16;1.6350906706414123;4.62771460091874;1.2218920533673021;2.0823075739809536;1.5328891337730555;3.521237221307801;1.6972407634453819;5.26649711593411
1610924399;2021-01-17;2.095665060228972;10.553303948408676;1.9028353113600518;25.26338252077188;1.9830556596267344;16.314325292666386;2.160477477986366;7.1951763030638896
1611010799;2021-01-18;2.0993196503192078;18.271172076675814;2.1782124400297826;21.9972209412826;2.301010587552597;16.865426396351868;1.9671509524900703;19.278672267381282
1611097199;2021-01-19;1.9699309965407095;14.099048846782994;2.513545435437194;21.477522847169205;2.475380659446736;19.059797453492425;1.7448773137588058;11.849600834032131
1611183599;2021-01-20;2.0379181233632493;19.29229500647636;2.4199113429599968;29.992517106167774;2.3502124197123067;23.790637539158475;1.9001403012901208;17.344093950464035
1611269999;2021-01-21;1.936097857477226;21.832923683533974;2.454166631503843;30.390178299061965;2.2730497601697897;24.156048641425997;1.7749466509157739;20.790598834731266
1611356399;2021-01-22;2.7454064619961436;44.935249909785085;1.3215463658341182;3.0361148349640628;1.4886288311926095;5.15018632345367;3.165374019732145;57.039779003346666
1611442799;2021-01-23;2.155060639102764;10.205614984933556;1.9287391606479316;4.546396297217853;3.110227754307001;23.387764108911135;1.6785643311056244;3.326052011003253
1611529199;2021-01-24;2.5055498255595867;22.718703684171146;2.286810969427957;45.30680600453143;2.2911226761744103;36.94598079227824;2.594889068466162;16.66504753839502
1611615599;2021-01-25;2.1647114083320504;18.651401122465835;1.9844744524093991;30.719535456468208;2.2016385493542496;27.23428477689636;2.147440280764447;14.652755371148931
1611701999;2021-01-26;2.4784708375378366;28.31226758898791;2.3114724893284326;22.60813274218318;2.2990466258664006;17.6996445201087;2.559114944023243;33.03862299543771
1611788399;2021-01-27;1.9923083895667433;12.51667707542738;1.72190489462932;3.05498846478743;2.0915607211146825;7.464564595880181;1.947850334891028;14.806517117592529
1611874799;2021-01-28;2.189848918374109;28.720746164845572;1.7073804989708372;15.361608335848109;1.8730030023359774;17.014941494736814;2.354627745504179;34.6312299678233
1611961199;2021-01-29;1.5947408194651218;31.819355843242093;1.501800900865115;4.738641412530459;1.8230815596987535;78.52963899861624;1.4989121093586009;12.123557294698887
1612047599;2021-01-30;1.6738259207161714;6.765982993842516;2.3033521477216694;10.945536504319417;2.3542766338577805;9.011401533219942;1.3911449167500631;5.789842938308244
1612133999;2021-01-31;1.687960882608247;4.009002491749857;1.5798666502289311;1.8644445291301701;1.6949443218557516;2.246696586315844;1.683596386525385;5.112094648773577
1612220399;2021-02-01;1.8803732911439526;23.698043850219467;1.405426175963842;1.6704801286729156;1.7829413986497018;6.709414987330238;1.9197102788535159;30.506004153258782
1612306799;2021-02-02;2.342527734812272;13.713713884940777;1.3777274043350676;3.209670959365272;1.7736967521470504;8.225412182600305;2.590742617170191;15.778803866518953
1612393199;2021-02-03;1.8432627656861609;97.3175177052866;1.340527059338326;4.423178750988134;1.6228321893146345;7.6816844844082155;1.9290053131342262;131.98492467730165
1612479599;2021-02-04;2.144948815192562;148.36736094976578;1.384931774152103;3.5586868102032305;1.5437828504877718;7.9786487020111645;2.4527636865047198;218.81296406802034
1612565999;2021-02-05;2.1422633184963003;16.265533693147013;1.8404806021698148;4.916089395316722;2.3381716987236087;17.528442194299146;2.0467297201674897;15.65252946184037
1612652399;2021-02-06;2.1753595261421017;32.276414662231836;2.4167461601722904;118.47341782372932;2.420485641914385;81.85600645966835;2.0427926829825753;5.407767490161116
1612738799;2021-02-07;2.2361414145386;6.424941716250676;2.209874226617247;7.449169995692503;2.194483180502774;5.683653576601477;2.2540607291512065;6.727440319087421
1612825199;2021-02-08;2.2386888122169286;32.011004952250005;2.744785225231403;57.28243158269661;2.5164146822861047;44.629686006530235;2.1157772787187263;26.468509900672448
1612911599;2021-02-09;2.576203433202479;45.846781088933334;1.351750644152454;2.1354199323498086;1.731783350649456;12.071318409409653;2.910286436405333;58.67308831264927
1612997999;2021-02-10;1.9096127491739836;15.948301956820487;2.0264555373917776;19.920912339656333;2.0570862063451116;18.71776805200748;1.8398567104083638;14.646415143540965
1613084399;2021-02-11;1.8094941743308035;48.53955802825787;2.088654806398955;5.036595915641248;2.34885008736495;11.61365365836121;1.540550635397684;67.14823058216516
1613170799;2021-02-12;2.4219957567904444;21.4309243768553;1.67114960465756;2.943869496097573;1.928126101120111;8.868052999239536;2.667318569442619;27.343999827149737
1613257199;2021-02-13;1.5204917535097497;6.514111834266123;1.3708573651787717;3.3062493358017453;1.6517549110144245;3.7542674738755877;1.455854218317506;7.878614480954818
1613343599;2021-02-14;2.1415335222378817;7.311800965387383;1.6311516376631352;3.8212114169225906;1.7964908235531722;3.953675325046272;2.292105917767459;8.661310209147526
1613429999;2021-02-15;1.8966394230708297;16.822432675909052;1.5154959728505246;2.787311982600982;1.6018586551254008;5.18107358441161;2.046419591075519;22.59280007721482
1613516399;2021-02-16;2.1576048995686903;24.452931906667846;1.1749618923769858;1.396976584478094;1.6464627650827648;9.138632122005372;2.4397368740697494;32.61350433004655
1613602799;2021-02-17;2.0229669826055603;15.177419106758771;1.908050195260867;3.811472689332964;2.122057589879182;14.370376030641637;1.9592583938294044;15.71711893272179
1613689199;2021-02-18;2.663449026500612;28.78478325720681;3.693126322218881;51.24012090689858;3.074629249434567;40.33103153750801;2.476316712880861;23.571765407204346
1613775599;2021-02-19;2.6923738077429182;87.56349621661825;2.192037475093425;5.925920231552136;2.124314749772368;8.753663507421518;2.9615355289348857;124.31676201142601
1613861999;2021-02-20;2.3974474907485406;28.747957649076795;1.7935315668633154;17.360455739772004;2.236559744960351;23.421925014109277;2.466292997956415;30.943652459779017
1613948399;2021-02-21;1.8953494589035436;8.776071342069466;2.249941524184281;21.02446027143;2.4045410986719102;17.66142252223929;1.694672136955487;5.284738723539681
1614034799;2021-02-22;2.1046939998572234;15.792538715917546;1.704709498980419;6.10601042465588;2.1689102490870202;10.644984905877342;2.0721751312074;18.418932943666604
1614121199;2021-02-23;2.5404523407049915;20.040607123045138;1.8455125453329948;33.67079997525559;1.9779004050032802;26.916499584387935;2.8129254795993406;16.435368991543093
1614207599;2021-02-24;2.980925810307272;46.95841750556749;2.5074053938693748;13.037820978020601;3.2697493466565266;43.72523870547587;2.8646138843648554;48.284564822884114
1614293999;2021-02-25;2.5743029120689243;21.370538772478124;2.594948142687454;15.82470106132567;2.4505571213948976;15.094254478182215;2.6486749131734584;25.090349423483353
1614380399;2021-02-26;3.9585874144902347;59.80992454253062;2.0273257484771205;8.37217325254442;2.250193766902855;14.52415589049152;4.648545352893532;76.05132013593524
1614466799;2021-02-27;1.6577600066585794;7.065257419918126;1.4282993116591975;8.86868172417021;1.6587399106966425;6.798342984188248;1.6571486155152988;7.232015445325635
1614553199;2021-02-28;2.319063996004501;233.01494650080616;1.3920324648907914;813.3231753832883;1.5748124123162426;582.93827890501;2.6458596640783636;79.78085642813369
1614639599;2021-03-01;2.3437536364035734;24.439607349105067;2.0037246429627773;15.98826035968559;2.101377635967938;19.62811258651993;2.4720229561686105;26.893028321275455
1614725999;2021-03-02;2.1328734806178478;8.487819854146293;1.9519022301272524;3.92911317032916;2.0402104631290356;3.7426850576095516;2.180512806820807;10.884855670256801
1614812399;2021-03-03;1.8354623791085842;9.237181735343993;1.2653779830471787;4.973622995607439;1.9590621139564017;12.677057840939908;1.785539231274769;7.887684056284147
1614898799;2021-03-04;1.7651668974217793;20.652708877465393;1.0137447673167306;1.2392886186111467;1.2983360181121177;4.710786157917647;2.0515288407970322;30.113156148678378
1614985199;2021-03-05;2.2260104539337457;47.574298251173175;4.512160283605974;145.6702284100907;3.988253497350471;121.21621236411951;1.6024514120830975;20.21466065644297
1615071599;2021-03-06;2.0400793935965247;8.999497849459939;1.3137064479012217;1.600284240197255;1.7270195667451687;2.4228369922960873;2.1836175990430498;11.798053406684598
1615157999;2021-03-07;1.516035255142392;170.31402871337593;1.6397300884528896;2.8348797533463177;2.1628119337919167;4.941328974863628;1.284254981841735;230.08905582842561
1615244399;2021-03-08;1.3696282265510227;2.864903047614101;1.1405590531649976;1.0680422567837997;1.4765156736995348;5.4260299486982335;1.3259063885447047;1.8241477682648486
1615330799;2021-03-09;1.4555885178940804;2.8230512582966933;1.1876279145329918;0.9111662996977988;1.3073783411332214;3.2102586377773195;1.5339225065865532;2.57166280514174
1615417199;2021-03-10;1.6317092509818025;4.777723146232806;2.099594291020205;3.7179287344367817;2.13041731692899;8.552546056548522;1.3806986898085598;2.8595392773130484
1615503599;2021-03-11;2.741326608359071;11.747887456081004;1.8188336165455152;3.0908715458694935;1.9593228176475483;5.761220472747827;3.0309273759696786;13.411222320534865
1615589999;2021-03-12;2.2466223523096094;18.527071974948953;1.8894093700347323;4.3553264358255595;2.193995322514284;14.150778605859294;2.2683222973887878;20.31729828466899
1615676399;2021-03-13;2.1248287669728922;12.632875472074623;1.4465931465096347;1.947312658281678;1.7576597679617776;3.1929499121909664;2.308867672549338;17.052141764446787
1615762799;2021-03-14;1.937274781105141;13.141009023718993;1.5187424283081785;2.4908514667655943;1.603956080423607;2.749095810336963;2.1110023032568392;18.345136350135885
1615849199;2021-03-15;1.4359402592784702;2.4655866921095524;1.4478820622446062;2.1488986562187615;1.6005302773485741;2.2261527575270095;1.3555503792064454;2.5970444960419754
1615935599;2021-03-16;1.3902611464616663;11.356608666040371;1.009908792952849;0.6760892384257524;1.6102049372548368;10.107118057001887;1.3055592093826804;11.840065881568123
1616021999;2021-03-17;2.357773257029415;56.32659902720649;1.2878887439417566;1.392172691622967;1.726415009760203;9.922829300097966;2.667451451505634;78.58498660164825
1616108399;2021-03-18;2.87347686932981;64.05326893964411;2.986270661316689;82.96064561457904;3.062827850169982;76.09352903440258;2.6472723605413018;49.61901399614323
1616194799;2021-03-19;2.8148691015995;60.960545663168304;2.249699222984416;25.379973424813464;2.5603038187931317;35.619608330974025;2.982637099130327;77.5457857981443
1616281199;2021-03-20;1.7299440090508595;5.173760886323638;1.5374834319750934;3.7113951918355608;1.908093851646752;6.470626932071326;1.6216838460938925;4.458796523560232
1616367599;2021-03-21;1.3606169028365607;2.3238523632843764;1.1910590651906936;1.8297428981885804;1.402902160577966;2.599706093506654;1.3320408686945469;2.142744316026697
1616453999;2021-03-22;1.9012913512613632;15.040151238641853;2.6133205184696147;34.138658066943;2.599107054674872;28.60599968861955;1.308388760083921;3.1709394794512575
1616540399;2021-03-23;2.511452796582583;68.87487534636635;4.248847600159954;178.0734389698222;3.754268568990498;136.67008379244282;1.5488649623112716;14.385253121019616
1616626799;2021-03-24;2.106162408505625;22.023955979459274;2.757058596023053;45.66349661596878;2.6842318976588277;37.97560750444007;1.6635890284928276;9.60339790766936
1616713199;2021-03-25;2.1646177561475737;20.000674085795215;1.3455328819378258;2.3677668222205774;1.7837291472022871;11.183270670683815;2.4553239179561714;26.288641519827753
1616799599;2021-03-26;2.226310262366874;21.055253502191142;1.6452533250759405;7.574814162909324;1.8494462702486953;10.696782558262441;2.4786920334578086;27.674441950754215
1616885999;2021-03-27;1.7431927304962007;5.069821790685039;1.759504301300405;6.19444624078559;1.8004354810711403;5.223522283003577;1.6940193950966775;4.955660676808873
1616972399;2021-03-29;2.0866163125582755;18.548470310191156;1.8124267385097175;5.009637314257714;2.030618122597847;4.9534159687976755;2.122711688711688;27.2854248495306
1617058799;2021-03-30;4.929917373228197;163.26754351431885;3.1063354974832347;114.82080291908672;5.373794412984293;144.8649612831255;4.628453194724327;175.78386748689306
1617145199;2021-03-31;1.7533589243620582;5.104077541239875;1.6624940155194643;3.3630457073927778;1.7803853237191496;5.390321265828268;1.7371411338843166;4.933940681998074
1617231599;2021-04-01;1.7484880056278875;35.8186180360678;2.7127253188829883;49.11849437785001;2.8695673917108886;37.7441318343042;1.1613767010280422;34.498403820960064
1617317999;2021-04-02;1.780873514410033;16.817073575393575;1.8857216549432605;47.66147892273329;1.8609282760473356;32.7862665844735;1.7235080049806992;5.386182254334181
1617404399;2021-04-03;1.7788856678213791;10.380458424895817;1.8917980615654697;28.225440399755026;1.8011184399106501;19.509260023121254;1.7631548744302779;3.9293043333866335
1617490799;2021-04-04;1.7922294515197226;5.612254019061098;1.7228296523790918;4.8090444008652815;1.9827535166318313;5.491748178097575;1.676550550703622;5.741865732740734
1617577199;2021-04-05;1.9089483137817018;4.491532286448577;1.984472983692381;3.7646412379001943;2.4033471455040023;4.490205064331429;1.571739459709706;4.514675216103758
1617663599;2021-04-06;2.3366565308478267;21.77411160932641;2.882461456433067;56.038458443922124;2.695361222493982;41.126094540369245;2.054962470842558;6.446354202061232
1617749999;2021-04-07;1.5865014544725227;8.193106975190904;1.1805538661349804;3.8035041357399417;1.929574049890514;13.08654716598315;1.3133439382940775;4.224090227319513
1617836399;2021-04-08;1.7213764008130885;17.41317926925686;1.4423382589373839;7.6663522759645755;1.6126584470701826;9.148194976940344;1.7801402377915134;21.851839130570955
1617922799;2021-04-09;2.417848061965504;11.755370701245841;1.2648931240013115;1.0472040275798873;1.6960119957185777;4.2253331952790925;2.8491710945198654;15.37155062525295
1618009199;2021-04-10;1.533409087082958;4.540564619782438;1.127699937368563;1.7532125250992694;1.4366651226387952;3.532986098819113;1.5908457072260835;5.109871942939031
1618095599;2021-04-11;2.0233955727851614;69.01348074216928;1.50038712099466;3.5471863026756574;1.6163862383527892;3.178773383698597;2.2298683666855585;102.116156615804
1618181999;2021-04-12;1.4498531984118361;4.496498131574475;1.8202040278755034;7.419683789412763;1.798150443762958;5.934537414278874;1.306521862255768;3.867553638056108
1618268399;2021-04-13;3.6295429899995524;91.51496595196735;1.616013335433174;3.050685040697881;2.1329723532128684;9.677731136644312;4.930871469756696;158.76350315929352
1618354799;2021-04-14;4.604808923788823;72.58193000599233;1.8385078565490505;9.083518516061137;1.8516760439865623;8.881397988634175;6.417495037988772;105.3352902224487
1618441199;2021-04-15;1.7599888848190377;6.901551080009016;1.872008965400387;5.22281786589267;1.8928971683631421;6.162982086552236;1.6602738142413371;7.424333608073642
1618527599;2021-04-16;2.3120079011856376;25.039458932513366;2.157457054527131;6.6883000962437995;2.0342226045135483;7.4211173214605175;2.516752708747266;37.79977673114005
1618613999;2021-04-17;2.0301400258535964;8.792652246202984;1.789840183145622;4.297355212808443;2.258805406515997;11.596320204493484;1.8812214094481416;6.991509218761935
1618700399;2021-04-18;1.745546271710678;126.64365163285835;1.3022912203402122;509.35175012198965;1.8395509644453405;307.0083587883659;1.6901660200955448;20.33756540305901
1618786799;2021-04-19;2.07199619970943;52.09433457346875;1.2497637531788162;1.0640748534367634;1.7076678338780993;2.277540026120356;2.2582310832524755;77.20922168216805
1618873199;2021-04-20;1.7046672673542578;6.330486293627438;1.9133511341792966;7.3285505479638635;1.82669387536495;6.075900025128882;1.6081213480044194;6.541915150455027
1618959599;2021-04-21;1.6567017057423552;3.645595717783784;1.8873739940478371;3.891079518362332;1.9435475766522758;4.0574560488398745;1.3878759403585899;3.18935189382926
1619045999;2021-04-22;2.0946061891064187;24.64969274532272;1.7713481857493958;2.908073895420284;2.2114668787497824;26.789003037470717;1.99044715708912;22.762726682978002
1619132399;2021-04-23;2.1210894326024143;213.773447279462;1.8452106639987538;10.305820395137095;2.1060893791099566;504.94455779887943;2.131343925851026;14.792622622776973
1619218799;2021-04-24;1.4429333827147985;4.105476950378047;1.3886060104154112;2.204699214869709;1.555513013014768;4.51263244296022;1.3158728619903515;3.6565780147339435
1619305199;2021-04-25;1.8493438676007052;6.564438315423316;1.5328148361062366;11.241140817778172;1.9673267915569947;9.09325063863784;1.7387967290827229;4.195979597788559
1619391599;2021-04-26;2.6197840609373046;10.23242625589715;2.217345288497358;5.292240481186456;2.9073134070281994;8.740305601322696;2.43345043650266;11.169590676408403
1619477999;2021-04-27;2.6698841198591325;26.174766476180242;3.203926841824766;52.21608383560933;3.0607960351677166;44.14288426860657;2.330696115498519;10.48106412377775
1619564399;2021-04-28;1.8382629486553035;7.341945505727384;1.7631712725677637;4.901304540940182;1.755903096116988;5.69022623661504;1.9277070610854834;9.0747772907015
1619650799;2021-04-29;1.8693300695056732;16.35900445410304;1.9323358731048426;3.669200222375452;2.0784144346171924;5.669357561908723;1.7250669182811822;23.7505013328841
1619737199;2021-04-30;1.4500331284862147;48.3160939393743;1.0673783856472596;1.5168417465675137;1.441316298637691;89.36060719217227;1.4572096947235578;14.530351727940072
1619823599;2021-05-01;1.7987004853263233;8.989117026638503;1.4326273073354974;7.446799493449448;1.6462483419516882;7.208872740201954;1.9026464659436373;10.150703700762623
1619909999;2021-05-02;6.024120097346268;241.82765543519224;1.975404688255043;48.279694118437675;2.4787254854675416;40.37383799065508;7.9229657998565415;337.96735548853053
1619996399;2021-05-03;2.930169282676629;8.817932885637907;2.1790677165548944;5.844311634419129;2.470131482166913;5.062496374817132;3.232629414226517;10.807332546703565
1620082799;2021-05-04;1.60932330153422;6.7767231467286795;1.173250557696711;3.2162669973709668;1.3205928496696084;4.836324980184219;1.7972634099359701;7.91404429386926
1620169199;2021-05-05;1.7541310505384902;6.995847516907908;1.2026462514839809;1.6919290629867583;1.8734945154359997;8.658420129869308;1.66088985482389;5.7038528181283015
1620255599;2021-05-06;3.1782177761449755;31.255114107385516;1.9850991429342633;7.612360996929753;2.4725972240352196;33.65782801814707;3.5414275477783;29.337783996755938
1620341999;2021-05-07;1.589001730960569;6.180229587439304;1.5032815055968627;6.718908519689117;1.7362273815333256;8.82829569243541;1.4956640046251626;4.536543958186768
1620428399;2021-05-08;1.8252956464039691;6.40989888265927;1.6055232818733258;5.831895103539852;1.764918966675222;7.455681165063931;1.8591340355111214;5.824593028057013
1620514799;2021-05-09;2.3447278005641676;28.584734025854708;2.5288472130593123;53.608138803072755;2.415828004772657;37.809493475844675;2.3028147881053957;23.16693639352111
1620601199;2021-05-10;1.7243022887597268;4.4080604069954825;1.3205427511036458;2.6798164716862343;1.5406535894923132;4.209924370397563;1.828248195833345;4.424650173736801
1620687599;2021-05-11;1.6861912010032565;18.95558198477732;2.3773574996896243;41.67618889809339;2.037208706919612;27.754624414619173;1.4194406857032584;12.309724011192532
1620773999;2021-05-12;1.7473249661008656;16.91133008908509;1.3872346943519795;3.648785056247737;1.5274970751254118;5.829098736297298;1.8892017157228054;23.92200989064513
1620860399;2021-05-13;2.8943110208072875;45.68849422440585;2.431859701538752;45.969870634984915;3.432636112277885;79.89275537044861;2.5907272647783497;26.269083194237815
